テーブル名,論理名,業務用途,工程,候補根拠,主要キー,車両接続キー,受注接続キー,金額項目,帳票利用,必要性,正式値か,更新方式,削除方式,訂正方式,保持期間,推奨履歴方式,Power BI提供方法,確定度,確認担当者,次の作業
TBAZ017M,車両基本DB,車両基本情報・車両識別,全工程共通（車両識別）,主要関連カラム: CD_NORIKUSI（登録ＮＯ陸支コード） / KB_NOSYASYU（登録ＮＯ車種区分） / CD_NOGYOTAI（登録ＮＯ業態コード） / NO_NOSEIRI（登録ＮＯ整理番号） / DD_SYODOTOR（初度登録日） / MJ_FRAMEKAT（フレーム型式） / NO_FRAME（フレームＮＯ） / NO_DUOSYADA（ＤＵＯ車台番号） / NO_SYAKEY（車両キーＮＯ） / DD_MASENCYO（抹消延長日） / KB_SYAMASSY（車両抹消区分） / KB_SYAMASYO（車両抹消理由区分） ほか3項目,CD_HANSYA（販社コード） / CD_KAISYA（会社コード） / CD_OKYAKU（お客様コード） / CD_NORIKUSI（登録ＮＯ陸支コード） / KB_NOSYASYU（登録ＮＯ車種区分） / CD_NOGYOTAI（登録ＮＯ業態コード） / NO_NOSEIRI（登録ＮＯ整理番号）,CD_NORIKUSI（登録ＮＯ陸支コード） / KB_NOSYASYU（登録ＮＯ車種区分） / CD_NOGYOTAI（登録ＮＯ業態コード） / NO_NOSEIRI（登録ＮＯ整理番号） / NO_FRAME（フレームＮＯ） / NO_DUOSYADA（ＤＵＯ車台番号） / NO_SYAKEY（車両キーＮＯ）,該当カラム未確認,該当カラム未確認,未確認（Power BI・既存帳票の参照有無を確認）,最優先候補,業務事実/属性データ候補（正式値の参照先は未確認）,差分更新/上書き型の可能性（更新日時・日次比較で確認）,未確認（物理削除・論理削除・取消行・抹消済移送の有無を確認）,未確認（上書き・取消再計上・版管理の有無を確認）,未確認（テーブル定義書の保持期間欄は未記入）,Current＋SCD Type2/History（車両属性・所有/使用関係の変更を保持）,最新車両ビュー／基準日時点ビュー。履歴テーブルは直接公開しない,暫定（テーブル定義書・MTG資料ベース。実データ/担当者確認前）,セキグチさん＋車両管理識者＋AI21/インフラ担当,正式用途・キー定義を確認。Hueで件数、PK/車両IDのNULL・重複、更新日時、TBAZ017M↔TBAZ018M接続率を確認
TBAZ018M,車両付加ＤＢ,車両付加情報・所有/使用関係・車両特定ID,全工程共通（車両・所有/使用関係）,主要関連カラム: CD_NORIKUSI（登録ＮＯ陸支コード） / KB_NOSYASYU（登録ＮＯ車種区分） / CD_NOGYOTAI（登録ＮＯ業態コード） / NO_NOSEIRI（登録ＮＯ整理番号） / NO_CYUMON（注文ＮＯ） / DD_CYUTOROK（中古車登録日） / KB_TATENIRA（他店登録依頼区分） / KB_SYADM（車両ＤＭ出力不可区分） / KB_SYALIST（車両リスト出力不可区分） / KB_SYATEL（車両ＴＥＬ不可区分） / KB_SYAEMAIL（車両Ｅメール不可区分） / MJ_SYASRIYU（車両出力不可理由） ほか14項目,CD_HANSYA（販社コード） / CD_KAISYA（会社コード） / CD_OKYAKU（お客様コード） / CD_NORIKUSI（登録ＮＯ陸支コード） / KB_NOSYASYU（登録ＮＯ車種区分） / CD_NOGYOTAI（登録ＮＯ業態コード） / NO_NOSEIRI（登録ＮＯ整理番号）,CD_NORIKUSI（登録ＮＯ陸支コード） / KB_NOSYASYU（登録ＮＯ車種区分） / CD_NOGYOTAI（登録ＮＯ業態コード） / NO_NOSEIRI（登録ＮＯ整理番号） / CD_UMISYRID（ＵＭＩ車両ＩＤ） / CD_RSYRTOID（ａｉ２１車両特定ＩＤ）,NO_CYUMON（注文ＮＯ）,該当カラム未確認,未確認（Power BI・既存帳票の参照有無を確認）,最優先候補,業務事実/属性データ候補（正式値の参照先は未確認）,差分更新/上書き型の可能性（更新日時・日次比較で確認）,未確認（物理削除・論理削除・取消行・抹消済移送の有無を確認）,未確認（上書き・取消再計上・版管理の有無を確認）,未確認（テーブル定義書の保持期間欄は未記入）,Current＋SCD Type2/History（車両属性・所有/使用関係の変更を保持）,最新車両ビュー／基準日時点ビュー。履歴テーブルは直接公開しない,暫定（テーブル定義書・MTG資料ベース。実データ/担当者確認前）,セキグチさん＋車両管理識者＋AI21/インフラ担当,正式用途・キー定義を確認。Hueで件数、PK/車両IDのNULL・重複、更新日時、TBAZ017M↔TBAZ018M接続率を確認
TBBA001G,新車受注基本DB,新車受注・登録・売上・納車管理,新車受注→登録→売上→納車,主要関連カラム: NO_CYUMON（注文ＮＯ） / NO_CYUMONED（注文ＮＯ枝番） / SU_JUCHUDAI（受注台数） / NO_SYADAIBA（車台番号） / KB_TOROKU（登録区分） / KB_JCSINPO（受注進捗区分） / KB_TOROKKAH（登録可否区分） / MJ_NOSYBAS（納車場所） / MJ_SYATEIRA（車両手配依頼） / DD_SYRYTHIR（車両手配依頼日） / MJ_CYMONM1（注文メモ１） / MJ_CYMONM2（注文メモ２） ほか55項目,CD_HANSYA（販社コード） / CD_KAISYA（会社コード） / NO_CYUMON（注文ＮＯ） / NO_CYUMONED（注文ＮＯ枝番）,NO_SYADAIBA（車台番号） / NO_FRAME（フレームＮＯ）,NO_CYUMON（注文ＮＯ） / NO_CYUMONED（注文ＮＯ枝番） / NO_KYTYUMON（旧注文ＮＯ） / NO_KYTYMOED（旧注文ＮＯ枝番） / NO_SINTYMON（新注文ＮＯ） / NO_SINTYMED（新注文ＮＯ枝番） / NO_SKYCYMON（送信旧注文ＮＯ） / NO_SKYCYMED（送信旧注文ＮＯ枝番）,DD_URITRKKJ（売上取消計上日） / DD_MODURIKJ（戻し売上計上日） / DD_URIAGEKJ（売上計上日） / DD_URITORIK（売上取消日） / DD_MODURIAG（戻し売上日） / DD_URIAGE（売上日）,未確認（Power BI・既存帳票の参照有無を確認）,最優先候補,業務事実/属性データ候補（正式値の参照先は未確認）,差分更新/上書き型の可能性（更新日時・日次比較で確認）,未確認（物理削除・論理削除・取消行・抹消済移送の有無を確認）,取消・戻し・変更履歴・上書きの使い分けを確認,未確認（テーブル定義書の保持期間欄は未記入）,Current＋状態遷移履歴,Currentビュー＋状態遷移分析ビュー,暫定（テーブル定義書・MTG資料ベース。実データ/担当者確認前）,セキグチさん＋新車利益/帳票担当＋AI21/インフラ担当,受注成立・取消ルールを確認。Hueで注文キー重複、車台/フレーム充足率、日付範囲、状態別件数、旧新注文NOを確認
TBBA002G,新車受注追工DB,新車追工・用品・追加作業明細,新車販売・追工/用品,主要関連カラム: NO_CYUMON（注文ＮＯ） / NO_CYUMONED（注文ＮＯ枝番） / KI_TUIKOKIN（追工金額） / KI_TUIKKINM（追工金額マスタ値） / KI_TUIKKNGE（追工管理原価） / KI_BUHYTG（部品予定原価） / KI_KOTIYOGE（工賃予定原価） / KI_GAITYYOT（外注予定原価） / KI_TAYOGEN（その他予定原価） / KI_YOTEGEKE（予定原価計） / KI_CENTBUYO（センター部品予定原価） / KI_CENTKOYO（センター工賃予定原価） ほか9項目,CD_HANSYA（販社コード） / CD_KAISYA（会社コード） / NO_CYUMON（注文ＮＯ） / NO_CYUMONED（注文ＮＯ枝番） / CD_OYATUIKO（親追工コード） / NO_OYATUIKO（親追工連番） / CD_TUIKO（追工コード） / KI_TUIKRE（追工連番）,該当カラム未確認,NO_CYUMON（注文ＮＯ） / NO_CYUMONED（注文ＮＯ枝番）,KI_TUIKOKIN（追工金額） / KI_TUIKKINM（追工金額マスタ値） / KI_TUIKKNGE（追工管理原価） / KI_BUHYTG（部品予定原価） / KI_KOTIYOGE（工賃予定原価） / KI_GAITYYOT（外注予定原価） / KI_TAYOGEN（その他予定原価） / KI_YOTEGEKE（予定原価計） / KI_CENTBUYO（センター部品予定原価） / KI_CENTKOYO（センター工賃予定原価） / KI_CENTGAYO（センター外注予定原価） / KI_CENTYOGN（センターその他予定原価） ほか2項目,未確認（Power BI・既存帳票の参照有無を確認）,利益の計算根拠まで残す場合の有力候補,利益計算の根拠データ候補（正式値は分析/帳票側と照合）,差分連携の可能性あり／実際の更新方式は未確認,未確認（物理削除・論理削除・取消行・抹消済移送の有無を確認）,取消・戻し・変更履歴・上書きの使い分けを確認,未確認（テーブル定義書の保持期間欄は未記入）,原則追記型。取消・訂正は削除せず状態/版で保持,車両・受注単位へ集計したマート／必要時のみ明細ドリルスルー,暫定（テーブル定義書・MTG資料ベース。実データ/担当者確認前）,セキグチさん＋新車利益/帳票担当＋AI21/インフラ担当,利益計算への使用有無を確認。Hueで注文接続率、変更頻度、NULL/重複、TBBG088Gとの金額整合を確認
TBBA052G,新車受注販売条件情報DB,新車販売条件・価格・原価,新車販売条件・利益計算,主要関連カラム: NO_CYUMON（注文ＮＯ） / NO_CYUMONED（注文ＮＯ枝番） / KI_KATAYOGE（型式予定原価） / KI_KATAKANR（型式管理原価） / KI_SIKIYOTG（色予定原価） / KI_SIKIKANG（色管理原価） / KI_MAKEOK1（メーカーＯＰＴ管理原価１） / SU_MAKOYO1（メーカーＯＰＴ予定原価１） / KI_MAKEOK2（メーカーＯＰＴ管理原価２） / SU_MAKOYO2（メーカーＯＰＴ予定原価２） / KI_MAKEOK3（メーカーＯＰＴ管理原価３） / SU_MAKOYO3（メーカーＯＰＴ予定原価３） ほか102項目,CD_HANSYA（販社コード） / CD_KAISYA（会社コード） / NO_CYUMON（注文ＮＯ） / NO_CYUMONED（注文ＮＯ枝番）,該当カラム未確認,NO_CYUMON（注文ＮＯ） / NO_CYUMONED（注文ＮＯ枝番）,KI_KATAYOGE（型式予定原価） / KI_KATAKANR（型式管理原価） / KI_SIKIYOTG（色予定原価） / KI_SIKIKANG（色管理原価） / KI_MAKEOK1（メーカーＯＰＴ管理原価１） / SU_MAKOYO1（メーカーＯＰＴ予定原価１） / KI_MAKEOK2（メーカーＯＰＴ管理原価２） / SU_MAKOYO2（メーカーＯＰＴ予定原価２） / KI_MAKEOK3（メーカーＯＰＴ管理原価３） / SU_MAKOYO3（メーカーＯＰＴ予定原価３） / KI_MAKEOK4（メーカーＯＰＴ管理原価４） / SU_MAKOYO4（メーカーＯＰＴ予定原価４） ほか109項目,未確認（Power BI・既存帳票の参照有無を確認）,利益の計算根拠まで残す場合の有力候補,利益計算の根拠データ候補（正式値は分析/帳票側と照合）,差分連携の可能性あり／実際の更新方式は未確認,未確認（物理削除・論理削除・取消行・抹消済移送の有無を確認）,取消・戻し・変更履歴・上書きの使い分けを確認,未確認（テーブル定義書の保持期間欄は未記入）,変更検知型履歴（変更時のみ追加。必要に応じSCD Type2）,車両・受注単位へ集計したマート／必要時のみ明細ドリルスルー,暫定（テーブル定義書・MTG資料ベース。実データ/担当者確認前）,セキグチさん＋新車利益/帳票担当＋AI21/インフラ担当,利益計算への使用有無を確認。Hueで注文接続率、変更頻度、NULL/重複、TBBG088Gとの金額整合を確認
TBBG088G,新車利益分析ＤＢ,新車利益分析,新車売上・利益,主要関連カラム: NO_CYUMON（注文ＮＯ） / DD_JUCYU（受注日） / DD_URIAGE（売上日） / NO_KAPKAISU（割賦回数） / NO_KAPKAIS2（割賦回数２） / NO_KAPKAIS3（割賦回数３） / NO_KAPKAIS4（割賦回数４） / NO_KAPKAIS5（割賦回数５） / CD_KAPKASUH（割賦回数範囲コード） / SU_DAISKPH1（台数＿割賦販売１） / SU_DAISKPH2（台数＿割賦販売２） / SU_DAISKPH3（台数＿割賦販売３） ほか39項目,CD_HANSYA（販社コード） / CD_KAISYA（会社コード） / NO_CYUMON（注文ＮＯ） / NO_HNRIREK（変更履歴ＮＯ）,該当カラム未確認,NO_CYUMON（注文ＮＯ）,DD_URIAGE（売上日） / SU_DAISUSYT（台数＿諸手数料） / KI_KINGKSYH（金額＿車両本体価格） / KI_KINGKHZK（金額＿付属品価格） / KI_KINGKHTS（金額＿販売店特別仕様価格） / KI_KINGKMOP（金額＿メーカーＯＰＴ価格） / KI_KINGKATA（金額＿頭金） / KI_KINGKKPT（金額＿割賦手数料） / KI_KINGKPT2（金額＿割賦手数料２） / KI_KINGKPT3（金額＿割賦手数料３） / KI_KINGKPT4（金額＿割賦手数料４） / KI_KINGKPT5（金額＿割賦手数料５） ほか36項目,未確認（利益・売上帳票/Power BIの参照候補）,最優先候補,未確認（正式な利益/売上値の候補。計上時点・原価基準・取消反映を確認）,差分追加・再計算・上書きの実態未確認,未確認（物理削除・論理削除・取消行・抹消済移送の有無を確認）,取消・戻し・変更履歴・上書きの使い分けを確認,未確認（テーブル定義書の保持期間欄は未記入）,計算済みスナップショット＋計算根拠明細の保持,車両/受注/店舗・月次の利益マート。正式値と参考値を分離,暫定（テーブル定義書・MTG資料ベース。実データ/担当者確認前）,セキグチさん＋新車利益/帳票担当＋AI21/インフラ担当,正式利益・利益定義・データリネージを確認。Hueで注文単位重複、変更履歴、正負レコード、TBBA052G～055Gとの金額整合を確認
TBBA053G,新車受注任意諸費用情報ＤＢ,新車任意諸費用,新車販売条件・利益計算,主要関連カラム: NO_CYUMON（注文ＮＯ） / NO_CYUMONED（注文ＮＯ枝番） / NO_NINSYHIY（任意諸費用連番） / KB_NINSYHIY（任意諸費用区分） / KI_NINSYHI（任意諸費用） / KI_NINSYHKG（任意諸費用管理原価） / KI_NINSYHZK（任意諸費用＿税込） / DT_SAISINUP（最新更新日時） / MJ_SASINTAN（最新更新端末ＩＤ）,CD_HANSYA（販社コード） / CD_KAISYA（会社コード） / NO_CYUMON（注文ＮＯ） / NO_CYUMONED（注文ＮＯ枝番） / NO_NINSYHIY（任意諸費用連番）,該当カラム未確認,NO_CYUMON（注文ＮＯ） / NO_CYUMONED（注文ＮＯ枝番）,NO_NINSYHIY（任意諸費用連番） / KB_NINSYHIY（任意諸費用区分） / KI_NINSYHI（任意諸費用） / KI_NINSYHKG（任意諸費用管理原価） / KI_NINSYHZK（任意諸費用＿税込）,未確認（Power BI・既存帳票の参照有無を確認）,利益の計算根拠まで残す場合の有力候補,利益計算の根拠データ候補（正式値は分析/帳票側と照合）,差分連携の可能性あり／実際の更新方式は未確認,未確認（物理削除・論理削除・取消行・抹消済移送の有無を確認）,未確認（上書き・取消再計上・版管理の有無を確認）,未確認（テーブル定義書の保持期間欄は未記入）,変更検知型履歴（変更時のみ追加。必要に応じSCD Type2）,車両・受注単位へ集計したマート／必要時のみ明細ドリルスルー,暫定（テーブル定義書・MTG資料ベース。実データ/担当者確認前）,セキグチさん＋新車利益/帳票担当＋AI21/インフラ担当,利益計算への使用有無を確認。Hueで注文接続率、変更頻度、NULL/重複、TBBG088Gとの金額整合を確認
TBBA054G,新車受注任意預かり金情報ＤＢ,新車任意預かり金,新車販売条件・預り金,主要関連カラム: NO_CYUMON（注文ＮＯ） / NO_CYUMONED（注文ＮＯ枝番） / NO_NINAZUKN（任意預かり金連番） / KB_NINAZUKN（任意預かり金区分） / KI_NINAZUK（任意預かり金） / KI_NINAZUKG（任意預かり金管理原価） / DT_SAISINUP（最新更新日時） / MJ_SASINTAN（最新更新端末ＩＤ）,CD_HANSYA（販社コード） / CD_KAISYA（会社コード） / NO_CYUMON（注文ＮＯ） / NO_CYUMONED（注文ＮＯ枝番） / NO_NINAZUKN（任意預かり金連番）,該当カラム未確認,NO_CYUMON（注文ＮＯ） / NO_CYUMONED（注文ＮＯ枝番）,NO_NINAZUKN（任意預かり金連番） / KB_NINAZUKN（任意預かり金区分） / KI_NINAZUK（任意預かり金） / KI_NINAZUKG（任意預かり金管理原価）,未確認（Power BI・既存帳票の参照有無を確認）,利益の計算根拠まで残す場合の有力候補,利益計算の根拠データ候補（正式値は分析/帳票側と照合）,差分連携の可能性あり／実際の更新方式は未確認,未確認（物理削除・論理削除・取消行・抹消済移送の有無を確認）,未確認（上書き・取消再計上・版管理の有無を確認）,未確認（テーブル定義書の保持期間欄は未記入）,変更検知型履歴（変更時のみ追加。必要に応じSCD Type2）,車両・受注単位へ集計したマート／必要時のみ明細ドリルスルー,暫定（テーブル定義書・MTG資料ベース。実データ/担当者確認前）,セキグチさん＋新車利益/帳票担当＋AI21/インフラ担当,利益計算への使用有無を確認。Hueで注文接続率、変更頻度、NULL/重複、TBBG088Gとの金額整合を確認
TBBA055G,新車受注割賦情報ＤＢ,新車割賦情報,新車販売条件・割賦,主要関連カラム: NO_CYUMON（注文ＮＯ） / NO_CYUMONED（注文ＮＯ枝番） / NO_KAPRENB（割賦連番） / KI_KAPGANKI（割賦元金） / KI_KAPTESU（割賦手数料） / KI_KAPTESG（割賦手数料管理原価） / KI_KAPTSRZK（割賦手数料＿税込） / DT_SAISINUP（最新更新日時） / MJ_SASINTAN（最新更新端末ＩＤ）,CD_HANSYA（販社コード） / CD_KAISYA（会社コード） / NO_CYUMON（注文ＮＯ） / NO_CYUMONED（注文ＮＯ枝番） / NO_KAPRENB（割賦連番）,該当カラム未確認,NO_CYUMON（注文ＮＯ） / NO_CYUMONED（注文ＮＯ枝番）,KI_KAPGANKI（割賦元金） / KI_KAPTESU（割賦手数料） / KI_KAPTESG（割賦手数料管理原価） / KI_KAPTSRZK（割賦手数料＿税込）,未確認（Power BI・既存帳票の参照有無を確認）,利益の計算根拠まで残す場合の有力候補,利益計算の根拠データ候補（正式値は分析/帳票側と照合）,差分連携の可能性あり／実際の更新方式は未確認,未確認（物理削除・論理削除・取消行・抹消済移送の有無を確認）,未確認（上書き・取消再計上・版管理の有無を確認）,未確認（テーブル定義書の保持期間欄は未記入）,変更検知型履歴（変更時のみ追加。必要に応じSCD Type2）,車両・受注単位へ集計したマート／必要時のみ明細ドリルスルー,暫定（テーブル定義書・MTG資料ベース。実データ/担当者確認前）,セキグチさん＋新車利益/帳票担当＋AI21/インフラ担当,利益計算への使用有無を確認。Hueで注文接続率、変更頻度、NULL/重複、TBBG088Gとの金額整合を確認
TBBA003G,受注下取DB,新車受注に紐づく下取り管理,新車受注→下取り→U-Car仕入,主要関連カラム: NO_CYUMON（注文ＮＯ） / NO_CYUMONED（注文ＮＯ枝番） / CD_NORIKUSI（登録ＮＯ陸支コード） / KB_NOSYASYU（登録ＮＯ車種区分） / CD_NOGYOTAI（登録ＮＯ業態コード） / NO_NOSEIRI（登録ＮＯ整理番号） / KB_MITRCHUB（未登録車付番済区分） / NO_SATEISYO（査定書ＮＯ） / DD_SATEI（査定日） / NO_SYARYOU（車両ＮＯ） / KI_SITADKAK（下取価格） / KB_SITASYHI（下取消費税区分） ほか10項目,CD_HANSYA（販社コード） / CD_KAISYA（会社コード） / KB_SINCYU（新中区分） / NO_CYUMON（注文ＮＯ） / NO_CYUMONED（注文ＮＯ枝番） / NO_SITARENB（下取連番）,CD_NORIKUSI（登録ＮＯ陸支コード） / KB_NOSYASYU（登録ＮＯ車種区分） / CD_NOGYOTAI（登録ＮＯ業態コード） / NO_NOSEIRI（登録ＮＯ整理番号） / NO_SYARYOU（車両ＮＯ） / NO_SYADAIBA（車台番号）,NO_CYUMON（注文ＮＯ） / NO_CYUMONED（注文ＮＯ枝番） / NO_KYUSATEI（旧査定ＮＯ）,NO_SATEISYO（査定書ＮＯ） / DD_SATEI（査定日） / KI_SITADKAK（下取価格） / KB_ZANSEKSA（残債先区分） / MJ_ZANSEKSA（残債先名） / KI_AZRECYYO（預りリサイクル預託金） / KI_SIYZJDHI（使用済自動車引取依頼金額） / NO_KYUSATEI（旧査定ＮＯ）,未確認（Power BI・既存帳票の参照有無を確認）,最優先候補,業務事実/属性データ候補（正式値の参照先は未確認）,差分連携の可能性あり／実際の更新方式は未確認,未確認（物理削除・論理削除・取消行・抹消済移送の有無を確認）,取消・戻し・変更履歴・上書きの使い分けを確認,未確認（テーブル定義書の保持期間欄は未記入）,原則追記型。取消・訂正は削除せず状態/版で保持,車両・受注単位へ集計したマート／必要時のみ明細ドリルスルー,暫定（テーブル定義書・MTG資料ベース。実データ/担当者確認前）,セキグチさん＋新車利益/帳票担当＋AI21/インフラ担当,下取価格定義・接続キーを確認。Hueで注文/査定/車両キー充足率、複数下取、取消、U-Car在庫との接続率を確認
TBNH001G,査定基本情報ＤＢ,査定基本情報,査定→下取り/買取,主要関連カラム: NO_STI（査定ＮＯ） / MJ_STIHZSM（査定情報保存済フラグ） / KB_NWSTIKT（現在査定工程区分） / KB_STIJT（査定状態区分） / NO_SYARYOU（車両ＮＯ） / NO_SYADAI（車台番号） / NO_FRAME（フレームＮＯ） / NO_CYUMON（注文ＮＯ） / NO_CYUMONED（注文ＮＯ枝番） / DT_KOSIN（データ更新日時） / CD_KSNSYA（更新ユーザＩＤ） / CD_KSNAPP（更新アプリＩＤ）,CD_HANSYA（販社コード） / CD_KAISYA（会社コード） / CD_HANBAITN（販売店コード） / NO_STI（査定ＮＯ） / MJ_STIHZSM（査定情報保存済フラグ）,NO_SYARYOU（車両ＮＯ） / NO_SYADAI（車台番号） / NO_FRAME（フレームＮＯ）,NO_STI（査定ＮＯ） / NO_CYUMON（注文ＮＯ） / NO_CYUMONED（注文ＮＯ枝番）,NO_STI（査定ＮＯ） / MJ_STIHZSM（査定情報保存済フラグ） / KB_NWSTIKT（現在査定工程区分） / KB_STIJT（査定状態区分）,未確認（Power BI・既存帳票の参照有無を確認）,査定・価格変更・詳細分析を行う場合の候補,業務事実/属性データ候補（正式値の参照先は未確認）,差分連携の可能性あり／実際の更新方式は未確認,未確認（物理削除・論理削除・取消行・抹消済移送の有無を確認）,未確認（上書き・取消再計上・版管理の有無を確認）,未確認（テーブル定義書の保持期間欄は未記入）,原則追記型。取消・訂正は削除せず状態/版で保持,車両・受注単位へ集計したマート／必要時のみ明細ドリルスルー,暫定（テーブル定義書・MTG資料ベース。実データ/担当者確認前）,セキグチさん＋査定/下取り担当＋AI21/インフラ担当,査定の正式価格・工程を確認。Hueで査定NOの一意性、工程間接続率、価格差、注文/車両接続率を確認
TBNH013G,査定入庫査定価格ＤＢ,入庫時査定価格,査定→入庫査定,主要関連カラム: NO_STI（査定ＮＯ） / MJ_STIHZSM（査定情報保存済フラグ） / KB_STIKT（査定工程区分） / KB_URIAGE（売上区分） / KB_NCYOSTK（入庫査定用調整額取得元区分） / KI_NTCYO1（入庫査定用店舗査定調整額１） / KI_NTCYO2（入庫査定用店舗査定調整額２） / KI_NTCYO3（入庫査定用店舗査定調整額３） / KI_NTCYO4（入庫査定用店舗査定調整額４） / KI_NTCYO5（入庫査定用店舗査定調整額５） / KI_NTSTIK（入庫査定用店舗査定価格） / KI_STIGS（査定誤差額） ほか5項目,CD_HANSYA（販社コード） / CD_KAISYA（会社コード） / CD_HANBAITN（販売店コード） / NO_STI（査定ＮＯ） / MJ_STIHZSM（査定情報保存済フラグ） / KB_STIKT（査定工程区分）,該当カラム未確認,NO_STI（査定ＮＯ）,NO_STI（査定ＮＯ） / MJ_STIHZSM（査定情報保存済フラグ） / KB_STIKT（査定工程区分） / KB_URIAGE（売上区分） / KB_NCYOSTK（入庫査定用調整額取得元区分） / KI_NTCYO1（入庫査定用店舗査定調整額１） / KI_NTCYO2（入庫査定用店舗査定調整額２） / KI_NTCYO3（入庫査定用店舗査定調整額３） / KI_NTCYO4（入庫査定用店舗査定調整額４） / KI_NTCYO5（入庫査定用店舗査定調整額５） / KI_NTSTIK（入庫査定用店舗査定価格） / KI_STIGS（査定誤差額） ほか2項目,未確認（Power BI・既存帳票の参照有無を確認）,査定・価格変更・詳細分析を行う場合の候補,業務事実/属性データ候補（正式値の参照先は未確認）,差分連携の可能性あり／実際の更新方式は未確認,未確認（物理削除・論理削除・取消行・抹消済移送の有無を確認）,未確認（上書き・取消再計上・版管理の有無を確認）,未確認（テーブル定義書の保持期間欄は未記入）,原則追記型。取消・訂正は削除せず状態/版で保持,車両・受注単位へ集計したマート／必要時のみ明細ドリルスルー,暫定（テーブル定義書・MTG資料ベース。実データ/担当者確認前）,セキグチさん＋査定/下取り担当＋AI21/インフラ担当,査定の正式価格・工程を確認。Hueで査定NOの一意性、工程間接続率、価格差、注文/車両接続率を確認
TBNH021G,査定値付結果ＤＢ,最終値付結果,査定→最終値付,主要関連カラム: NO_STI（査定ＮＯ） / MJ_STIHZSM（査定情報保存済フラグ） / KB_STIKT（査定工程区分） / KI_NESITA（値付下取価格） / KI_NEKIT（値付買取価格） / KB_URIAGE（売上区分） / KI_SITATCYO（下取用うち提示価格調整額） / KI_KAITTCYO（買取用うち提示価格調整額） / DT_KOSIN（データ更新日時） / CD_KSNSYA（更新ユーザＩＤ） / CD_KSNAPP（更新アプリＩＤ）,CD_HANSYA（販社コード） / CD_KAISYA（会社コード） / CD_HANBAITN（販売店コード） / NO_STI（査定ＮＯ） / MJ_STIHZSM（査定情報保存済フラグ） / KB_STIKT（査定工程区分）,該当カラム未確認,NO_STI（査定ＮＯ）,NO_STI（査定ＮＯ） / MJ_STIHZSM（査定情報保存済フラグ） / KB_STIKT（査定工程区分） / KI_NESITA（値付下取価格） / KI_NEKIT（値付買取価格） / KB_URIAGE（売上区分） / KI_SITATCYO（下取用うち提示価格調整額） / KI_KAITTCYO（買取用うち提示価格調整額）,未確認（Power BI・既存帳票の参照有無を確認）,査定・価格変更・詳細分析を行う場合の候補,業務事実/属性データ候補（正式値の参照先は未確認）,差分連携の可能性あり／実際の更新方式は未確認,未確認（物理削除・論理削除・取消行・抹消済移送の有無を確認）,未確認（上書き・取消再計上・版管理の有無を確認）,未確認（テーブル定義書の保持期間欄は未記入）,原則追記型。取消・訂正は削除せず状態/版で保持,車両・受注単位へ集計したマート／必要時のみ明細ドリルスルー,暫定（テーブル定義書・MTG資料ベース。実データ/担当者確認前）,セキグチさん＋査定/下取り担当＋AI21/インフラ担当,査定の正式価格・工程を確認。Hueで査定NOの一意性、工程間接続率、価格差、注文/車両接続率を確認
TBAZ032M,入庫歴ＤＢ,サービス入庫・精算履歴,入庫・整備・車検,主要関連カラム: NO_JUCYU（受注ＮＯ） / MJ_FRAMEKAT（フレーム型式） / NO_FRAME（フレームＮＯ） / NO_DUOSYADA（ＤＵＯ車台番号） / CD_NORIKUSI（登録ＮＯ陸支コード） / KB_NOSYASYU（登録ＮＯ車種区分） / CD_NOGYOTAI（登録ＮＯ業態コード） / NO_NOSEIRI（登録ＮＯ整理番号） / KB_SVNYUKO（サービス入庫区分） / KB_SVNYUKOD（サービス入庫区分詳細） / DT_KOSIN（更新日時） / MJ_JUCYUMEM（受注メモ） ほか3項目,CD_HANSYA（販社コード） / CD_KAISYA（会社コード） / NO_JUCYU（受注ＮＯ） / CD_NORIKUSI（登録ＮＯ陸支コード） / KB_NOSYASYU（登録ＮＯ車種区分） / CD_NOGYOTAI（登録ＮＯ業態コード） / NO_NOSEIRI（登録ＮＯ整理番号）,NO_FRAME（フレームＮＯ） / NO_DUOSYADA（ＤＵＯ車台番号） / CD_NORIKUSI（登録ＮＯ陸支コード） / KB_NOSYASYU（登録ＮＯ車種区分） / CD_NOGYOTAI（登録ＮＯ業態コード） / NO_NOSEIRI（登録ＮＯ整理番号）,NO_JUCYU（受注ＮＯ）,KI_URIAGEKI（売上金額） / KI_NEBIKIGA（値引額）,未確認（Power BI・既存帳票の参照有無を確認）,最優先候補,業務事実/属性データ候補（正式値の参照先は未確認）,差分連携の可能性あり／実際の更新方式は未確認,未確認（物理削除・論理削除・取消行・抹消済移送の有無を確認）,未確認（上書き・取消再計上・版管理の有無を確認）,未確認（テーブル定義書の保持期間欄は未記入）,原則追記型。取消・訂正は削除せず状態/版で保持,車両・受注単位へ集計したマート／必要時のみ明細ドリルスルー,暫定（テーブル定義書・MTG資料ベース。実データ/担当者確認前）,サービス・整備業務担当＋帳票担当＋AI21/インフラ担当,整備売上/原価の正式参照先を確認。Hueで受注NO接続率、車両キー充足率、売上・原価整合、取消/再精算を確認
TBAZ034M,整備歴ＤＢ,整備内容履歴,入庫・整備・車検,主要関連カラム: NO_JUCYU（受注ＮＯ） / CD_SEIBI（整備コード） / KJ_SEIBIMEI（整備名称） / CD_NORIKUSI（登録ＮＯ陸支コード） / KB_NOSYASYU（登録ＮＯ車種区分） / CD_NOGYOTAI（登録ＮＯ業態コード） / NO_NOSEIRI（登録ＮＯ整理番号）,CD_HANSYA（販社コード） / CD_KAISYA（会社コード） / NO_JUCYU（受注ＮＯ） / MJ_SIKIBETU（識別番号） / NO_OYABANGO（親番号） / MJ_NARABIJY（並び順） / CD_NORIKUSI（登録ＮＯ陸支コード） / KB_NOSYASYU（登録ＮＯ車種区分） / CD_NOGYOTAI（登録ＮＯ業態コード） / NO_NOSEIRI（登録ＮＯ整理番号）,CD_NORIKUSI（登録ＮＯ陸支コード） / KB_NOSYASYU（登録ＮＯ車種区分） / CD_NOGYOTAI（登録ＮＯ業態コード） / NO_NOSEIRI（登録ＮＯ整理番号）,NO_JUCYU（受注ＮＯ）,該当カラム未確認,未確認（Power BI・既存帳票の参照有無を確認）,最優先候補,業務事実/属性データ候補（正式値の参照先は未確認）,差分連携の可能性あり／実際の更新方式は未確認,未確認（物理削除・論理削除・取消行・抹消済移送の有無を確認）,未確認（上書き・取消再計上・版管理の有無を確認）,未確認（テーブル定義書の保持期間欄は未記入）,原則追記型。取消・訂正は削除せず状態/版で保持,車両・受注単位へ集計したマート／必要時のみ明細ドリルスルー,暫定（テーブル定義書・MTG資料ベース。実データ/担当者確認前）,サービス・整備業務担当＋帳票担当＋AI21/インフラ担当,整備売上/原価の正式参照先を確認。Hueで受注NO接続率、車両キー充足率、売上・原価整合、取消/再精算を確認
TBFA001G,受注ＤＢ,サービス受注ヘッダ,入庫→サービス受注,主要関連カラム: NO_JUCYU（受注ＮＯ） / DD_JUCYU（受注日） / KB_NYUUKO（入庫区分） / KB_JCTORIKS（受注取消区分） / KB_JUTYU（受注区分） / KI_MITUKIN（見積金額） / KI_ZEIKOMIT（税込見積金額） / KI_TEIJIMIT（提示見積金額） / KI_TEIJINEB（提示値引金額） / KB_JCJYOUTA（受注状態区分） / KB_SYOSNYUK（詳細入庫区分） / KI_GENKAHR（原価ＨＲ） ほか24項目,CD_HANSYA（販社コード） / CD_KAISYA（会社コード） / CD_TENPO（店舗コード） / NO_JUCYU（受注ＮＯ）,CD_NORIKUSI（登録ＮＯ陸支コード） / KB_NOSYASYU（登録ＮＯ車種区分） / CD_NOGYOTAI（登録ＮＯ業態コード） / NO_NOSEIRI（登録ＮＯ整理番号） / NO_FRAME（フレームＮＯ） / NO_SYARYOU（車両ＮＯ） / KB_FRAMEER（フレームＮＯエラー区分）,NO_JUCYU（受注ＮＯ）,KI_MITUKIN（見積金額） / KI_ZEIKOMIT（税込見積金額） / KI_TEIJIMIT（提示見積金額） / KI_TEIJINEB（提示値引金額） / KB_GOYNEBIK（ご用命値引き区分） / KI_GENKAHR（原価ＨＲ） / KI_GASIREG1（外注仕入原価１） / KB_GAIGEKE1（外注原価計上区分１） / KI_GASIREG2（外注仕入原価２） / KB_GAIGEKE2（外注原価計上区分２） / KI_GASIREG3（外注仕入原価３） / KB_GAIGEKE3（外注原価計上区分３） ほか5項目,未確認（Power BI・既存帳票の参照有無を確認）,利益の計算根拠まで残す場合の有力候補,業務事実/属性データ候補（正式値の参照先は未確認）,差分更新/上書き型の可能性（更新日時・日次比較で確認）,未確認（物理削除・論理削除・取消行・抹消済移送の有無を確認）,取消・戻し・変更履歴・上書きの使い分けを確認,未確認（テーブル定義書の保持期間欄は未記入）,Current＋状態遷移履歴,Currentビュー＋状態遷移分析ビュー,暫定（テーブル定義書・MTG資料ベース。実データ/担当者確認前）,サービス・整備業務担当＋帳票担当＋AI21/インフラ担当,整備売上/原価の正式参照先を確認。Hueで受注NO接続率、車両キー充足率、売上・原価整合、取消/再精算を確認
TBFA008G,受注明細ＤＢ,サービス受注明細・整備/部品原価,整備・部品・外注明細,主要関連カラム: NO_JUCYU（受注ＮＯ） / KB_URIKAMO（売上科目区分） / KI_GENKA（原価） / CD_GASIRESA（外注仕入先コード） / KB_GAISIIRE（外注仕入区分） / KB_SIJSEGAI（ご用命指示整備外注区分） / KB_SIJBUGAI（ご用命指示部品外注区分） / CD_YOUMESEI（ご用命整備コード） / CD_URITROUB（ご用命売上トラブルコード） / KB_BUHINGT（整備指示部品外注区分） / CD_SEIBI（整備コード） / KB_SEIBKANR（整備管理区分） ほか44項目,CD_HANSYA（販社コード） / CD_KAISYA（会社コード） / CD_TENPO（店舗コード） / NO_JUCYU（受注ＮＯ） / MJ_SIKIBETU（識別番号）,該当カラム未確認,NO_JUCYU（受注ＮＯ）,KB_URIKAMO（売上科目区分） / KI_GENKA（原価） / CD_URITROUB（ご用命売上トラブルコード） / KI_SEIKIJGN（整備基準原価） / MJ_SESYINJP（整備諸費用印字ＰＯ） / TA_BUHKIJGN（部品基準単価原価）,未確認（Power BI・既存帳票の参照有無を確認）,利益の計算根拠まで残す場合の有力候補,利益計算の根拠データ候補（正式値は分析/帳票側と照合）,差分連携の可能性あり／実際の更新方式は未確認,未確認（物理削除・論理削除・取消行・抹消済移送の有無を確認）,未確認（上書き・取消再計上・版管理の有無を確認）,未確認（テーブル定義書の保持期間欄は未記入）,原則追記型。取消・訂正は削除せず状態/版で保持,車両・受注単位へ集計したマート／必要時のみ明細ドリルスルー,暫定（テーブル定義書・MTG資料ベース。実データ/担当者確認前）,サービス・整備業務担当＋帳票担当＋AI21/インフラ担当,整備売上/原価の正式参照先を確認。Hueで受注NO接続率、車両キー充足率、売上・原価整合、取消/再精算を確認
TBFB012G,部品実績DB,部品実績,整備・部品実績,主要関連カラム: NO_JUCYU（受注ＮＯ） / NO_SAGJYUCY（作業受注ＮＯ） / KB_TANURI（単体売上区分） / KB_NYUUKO（入庫区分） / NO_TOUROKU（登録ＮＯ） / DD_SYODOTOR（初度登録日） / CD_SYAMAKER（車両メーカコード） / KI_GENKA（原価） / KB_ZAIKOUP（在庫更新区分） / CD_SEIBI（整備コード） / DD_SYSKOSIN（システム更新日）,LOGIC_PK（ロジカルプライマリキー） / CD_HANSYA（販社コード）,NO_TOUROKU（登録ＮＯ）,NO_JUCYU（受注ＮＯ） / NO_SAGJYUCY（作業受注ＮＯ）,KB_TANURI（単体売上区分） / KI_GENKA（原価）,未確認（Power BI・既存帳票の参照有無を確認）,利益の計算根拠まで残す場合の有力候補,利益計算の根拠データ候補（正式値は分析/帳票側と照合）,差分連携の可能性あり／実際の更新方式は未確認,未確認（物理削除・論理削除・取消行・抹消済移送の有無を確認）,未確認（上書き・取消再計上・版管理の有無を確認）,未確認（テーブル定義書の保持期間欄は未記入）,原則追記型。取消・訂正は削除せず状態/版で保持,車両・受注単位へ集計したマート／必要時のみ明細ドリルスルー,暫定（テーブル定義書・MTG資料ベース。実データ/担当者確認前）,サービス・整備業務担当＋帳票担当＋AI21/インフラ担当,整備売上/原価の正式参照先を確認。Hueで受注NO接続率、車両キー充足率、売上・原価整合、取消/再精算を確認
TBFG001G,売上受注ＤＢ,サービス売上・請求・預り金,整備売上・精算,主要関連カラム: NO_JUCYU（受注ＮＯ） / KI_MITUSESA（見積精算金額） / KI_TUISESAN（追加精算金額） / NO_SYARYOU（車両ＮＯ） / KI_SEIURIA1（請求先売上額１） / KI_SEIURIA2（請求先売上額２） / KI_SEIURIA3（請求先売上額３） / KI_SEIAZUK1（請求先預り金１） / KI_SEIAZUK2（請求先預り金２） / KI_SEIAZUK3（請求先預り金３） / KI_HOURIAG1（保険売上額１） / KI_HOURIAG2（保険売上額２） ほか20項目,LOGIC_PK（ロジカルプライマリキー） / CD_HANSYA（販社コード）,NO_SYARYOU（車両ＮＯ）,NO_JUCYU（受注ＮＯ）,KI_MITUSESA（見積精算金額） / KI_TUISESAN（追加精算金額） / KI_SYOTESU（諸手数料） / KI_D2NEBIKI（Ｄ２値引き） / KI_SETNEBIK（セット値引き） / KI_SEIURIA1（請求先売上額１） / KI_SEIURIA2（請求先売上額２） / KI_SEIURIA3（請求先売上額３） / KI_SEIAZUK1（請求先預り金１） / KI_SEIAZUK2（請求先預り金２） / KI_SEIAZUK3（請求先預り金３） / KI_HOURIAG1（保険売上額１） ほか16項目,未確認（Power BI・既存帳票の参照有無を確認）,利益の計算根拠まで残す場合の有力候補,利益計算の根拠データ候補（正式値は分析/帳票側と照合）,差分連携の可能性あり／実際の更新方式は未確認,未確認（物理削除・論理削除・取消行・抹消済移送の有無を確認）,未確認（上書き・取消再計上・版管理の有無を確認）,未確認（テーブル定義書の保持期間欄は未記入）,原則追記型。取消・訂正は削除せず状態/版で保持,車両・受注単位へ集計したマート／必要時のみ明細ドリルスルー,暫定（テーブル定義書・MTG資料ベース。実データ/担当者確認前）,サービス・整備業務担当＋帳票担当＋AI21/インフラ担当,整備売上/原価の正式参照先を確認。Hueで受注NO接続率、車両キー充足率、売上・原価整合、取消/再精算を確認
TBFL001G,集計累積DB,サービス売上・原価集計,整備売上・原価・利益,主要関連カラム: NO_JUCYU（受注ＮＯ） / KB_NYUUKO（入庫区分） / KB_SYOSNYUK（詳細入庫区分） / NO_SAGJYUCY（作業受注ＮＯ） / DD_URIAGE（売上日） / NO_TOUROKU（登録ＮＯ） / NO_FRAME（フレームＮＯ） / KI_KOUTINBK（工賃売価） / KI_KOUTINGN（工賃原価） / KI_BUHINBAI（部品売価） / KI_BUHINGEN（部品原価） / KI_YUSIGENK（油脂原価） ほか6項目,LOGIC_PK（ロジカルプライマリキー） / CD_HANSYA（販社コード）,NO_TOUROKU（登録ＮＯ） / NO_FRAME（フレームＮＯ） / NO_SYARYOU（車両ＮＯ）,NO_JUCYU（受注ＮＯ） / NO_SAGJYUCY（作業受注ＮＯ）,DD_URIAGE（売上日） / KI_KOUTINGN（工賃原価） / KI_BUHINGEN（部品原価） / KI_YUSIGENK（油脂原価） / KI_GAIGENKA（外注原価） / KI_AZUKAKIN（その他預り金）,未確認（利益・売上帳票/Power BIの参照候補）,利益の計算根拠まで残す場合の有力候補,未確認（正式な利益/売上値の候補。計上時点・原価基準・取消反映を確認）,差分追加・再計算・上書きの実態未確認,未確認（物理削除・論理削除・取消行・抹消済移送の有無を確認）,未確認（上書き・取消再計上・版管理の有無を確認）,未確認（テーブル定義書の保持期間欄は未記入）,計算済みスナップショット＋計算根拠明細の保持,車両/受注/店舗・月次の利益マート。正式値と参考値を分離,暫定（テーブル定義書・MTG資料ベース。実データ/担当者確認前）,サービス・整備業務担当＋帳票担当＋AI21/インフラ担当,整備売上/原価の正式参照先を確認。Hueで受注NO接続率、車両キー充足率、売上・原価整合、取消/再精算を確認
TBAZ030M,メンテパック契約DB,メンテナンスパック契約管理,販売後・整備/継続収益,主要関連カラム: CD_NORIKUSI（登録ＮＯ陸支コード） / KB_NOSYASYU（登録ＮＯ車種区分） / CD_NOGYOTAI（登録ＮＯ業態コード） / NO_NOSEIRI（登録ＮＯ整理番号） / KI_MNTAZUKA（メンテパック預り金） / DT_KOSIN（更新日時） / NO_CYUMON（注文ＮＯ） / NO_SEIJYUCY（請求中受注ＮＯ） / KI_TUISYZEI（追徴消費税金額） / MJ_PRCSEIBI（プロＣ整備フラグ） / MJ_CCCMPREN（ＣＣＣＭＰ連携状態）,CD_HANSYA（販社コード） / CD_KAISYA（会社コード） / CD_OKYAKU（お客様コード） / CD_NORIKUSI（登録ＮＯ陸支コード） / KB_NOSYASYU（登録ＮＯ車種区分） / CD_NOGYOTAI（登録ＮＯ業態コード） / NO_NOSEIRI（登録ＮＯ整理番号）,CD_NORIKUSI（登録ＮＯ陸支コード） / KB_NOSYASYU（登録ＮＯ車種区分） / CD_NOGYOTAI（登録ＮＯ業態コード） / NO_NOSEIRI（登録ＮＯ整理番号）,NO_CYUMON（注文ＮＯ） / NO_SEIJYUCY（請求中受注ＮＯ）,KI_MNTAZUKA（メンテパック預り金） / KI_TUISYZEI（追徴消費税金額）,未確認（Power BI・既存帳票の参照有無を確認）,第2段階候補（対象範囲次第）,業務事実/属性データ候補（正式値の参照先は未確認）,差分連携の可能性あり／実際の更新方式は未確認,未確認（物理削除・論理削除・取消行・抹消済移送の有無を確認）,未確認（上書き・取消再計上・版管理の有無を確認）,未確認（テーブル定義書の保持期間欄は未記入）,Current＋契約状態履歴,第2段階の業務効率/継続収益マート,暫定（テーブル定義書・MTG資料ベース。実データ/担当者確認前）,サービス・整備業務担当＋帳票担当＋AI21/インフラ担当,契約/利用の会計ルールを確認。Hueで車両・注文接続率、契約/利用重複、期間・金額整合を確認
TBAZ031M,メンテパック明細ＤＢ,メンテナンスパック利用明細,販売後・整備/継続収益,主要関連カラム: CD_NORIKUSI（登録ＮＯ陸支コード） / KB_NOSYASYU（登録ＮＯ車種区分） / CD_NOGYOTAI（登録ＮＯ業態コード） / NO_NOSEIRI（登録ＮＯ整理番号） / KI_RIYOKING（利用金額） / DT_KOSIN（更新日時）,CD_HANSYA（販社コード） / CD_KAISYA（会社コード） / CD_OKYAKU（お客様コード） / CD_NORIKUSI（登録ＮＯ陸支コード） / KB_NOSYASYU（登録ＮＯ車種区分） / CD_NOGYOTAI（登録ＮＯ業態コード） / NO_NOSEIRI（登録ＮＯ整理番号） / NO_TABLE（テーブルＮＯ）,CD_NORIKUSI（登録ＮＯ陸支コード） / KB_NOSYASYU（登録ＮＯ車種区分） / CD_NOGYOTAI（登録ＮＯ業態コード） / NO_NOSEIRI（登録ＮＯ整理番号）,該当カラム未確認,KI_RIYOKING（利用金額）,未確認（Power BI・既存帳票の参照有無を確認）,第2段階候補（対象範囲次第）,業務事実/属性データ候補（正式値の参照先は未確認）,差分連携の可能性あり／実際の更新方式は未確認,未確認（物理削除・論理削除・取消行・抹消済移送の有無を確認）,未確認（上書き・取消再計上・版管理の有無を確認）,未確認（テーブル定義書の保持期間欄は未記入）,原則追記型。取消・訂正は削除せず状態/版で保持,第2段階の業務効率/継続収益マート,暫定（テーブル定義書・MTG資料ベース。実データ/担当者確認前）,サービス・整備業務担当＋帳票担当＋AI21/インフラ担当,契約/利用の会計ルールを確認。Hueで車両・注文接続率、契約/利用重複、期間・金額整合を確認
TBSA002G,ストール予約履歴ＤＢ,サービス予約履歴,予約→入庫,主要関連カラム: KB_NOUSYA（納車区分） / KB_HSYOURI（保証売上区分） / KB_JCJYOUTA（受注状態区分） / DT_NYUUKOYT（入庫予定日時） / NO_SAGJUCYU（作業側受注ＮＯ） / NO_AIJUTYU（ＡＩ受注番号） / CD_NORIKUSI（登録ＮＯ陸支コード） / KB_NOSYASYU（登録ＮＯ車種区分） / CD_NOGYOTAI（登録ＮＯ業態コード） / NO_NOSEIRI（登録ＮＯ整理番号） / KB_IVTSBURA（イベント整備売上区分） / DT_KOSIN（データ更新日時） ほか2項目,CD_HANSYA（販社コード） / CD_KAISYA（会社コード） / CD_TENPO（店舗コード） / NO_YOYAKUID（予約ＩＤ） / NO_YOYAKUED（予約枝番）,CD_NORIKUSI（登録ＮＯ陸支コード） / KB_NOSYASYU（登録ＮＯ車種区分） / CD_NOGYOTAI（登録ＮＯ業態コード） / NO_NOSEIRI（登録ＮＯ整理番号）,NO_SAGJUCYU（作業側受注ＮＯ）,KB_HSYOURI（保証売上区分） / KB_IVTSBURA（イベント整備売上区分）,未確認（Power BI・既存帳票の参照有無を確認）,第2段階候補（対象範囲次第）,業務事実/属性データ候補（正式値の参照先は未確認）,追記型候補（実データで再送・上書き有無を確認）,未確認（物理削除・論理削除・取消行・抹消済移送の有無を確認）,未確認（上書き・取消再計上・版管理の有無を確認）,未確認（テーブル定義書の保持期間欄は未記入）,原則追記型。取消・訂正は削除せず状態/版で保持,第2段階の業務効率/継続収益マート,暫定（テーブル定義書・MTG資料ベース。実データ/担当者確認前）,サービス・整備業務担当＋帳票担当＋AI21/インフラ担当,第2段階対象か確認。Hueで予約→入庫→作業の接続率、取消/削除フラグ、実績日時の品質を確認
TBSA006G,ストール予約明細履歴ＤＢ,サービス予約明細履歴,予約明細→入庫実績,主要関連カラム: CD_TEITENSB（定点整備コード） / KB_NYUUKO（入庫区分） / DT_NYUKJISK（入庫実績日時） / DT_KOSIN（データ更新日時） / CD_KSNSYA（更新ユーザＩＤ） / CD_KSNKINO（更新アプリＩＤ）,CD_HANSYA（販社コード） / CD_KAISYA（会社コード） / CD_TENPO（店舗コード） / NO_YOYAKUID（予約ＩＤ） / CD_YOYKMSAI（予約明細ＩＤ） / NO_MSAIEDBN（明細枝番）,該当カラム未確認,該当カラム未確認,該当カラム未確認,未確認（Power BI・既存帳票の参照有無を確認）,第2段階候補（対象範囲次第）,業務事実/属性データ候補（正式値の参照先は未確認）,追記型候補（実データで再送・上書き有無を確認）,未確認（物理削除・論理削除・取消行・抹消済移送の有無を確認）,未確認（上書き・取消再計上・版管理の有無を確認）,未確認（テーブル定義書の保持期間欄は未記入）,原則追記型。取消・訂正は削除せず状態/版で保持,第2段階の業務効率/継続収益マート,暫定（テーブル定義書・MTG資料ベース。実データ/担当者確認前）,サービス・整備業務担当＋帳票担当＋AI21/インフラ担当,第2段階対象か確認。Hueで予約→入庫→作業の接続率、取消/削除フラグ、実績日時の品質を確認
TBSA009G,ストール実績ＤＢ,ストール実績,作業場所/ストール実績,主要関連カラム: DT_KOSIN（データ更新日時） / CD_KSNSYA（更新ユーザＩＤ） / CD_KSNKINO（更新アプリＩＤ）,CD_HANSYA（販社コード） / CD_KAISYA（会社コード） / CD_TENPO（店舗コード） / NO_YOYAKUID（予約ＩＤ） / CD_YOYKMSAI（予約明細ＩＤ） / NO_JISEKI（実績番号）,該当カラム未確認,該当カラム未確認,該当カラム未確認,未確認（Power BI・既存帳票の参照有無を確認）,第2段階候補（対象範囲次第）,業務事実/属性データ候補（正式値の参照先は未確認）,差分連携の可能性あり／実際の更新方式は未確認,未確認（物理削除・論理削除・取消行・抹消済移送の有無を確認）,未確認（上書き・取消再計上・版管理の有無を確認）,未確認（テーブル定義書の保持期間欄は未記入）,原則追記型。取消・訂正は削除せず状態/版で保持,第2段階の業務効率/継続収益マート,暫定（テーブル定義書・MTG資料ベース。実データ/担当者確認前）,サービス・整備業務担当＋帳票担当＋AI21/インフラ担当,第2段階対象か確認。Hueで予約→入庫→作業の接続率、取消/削除フラグ、実績日時の品質を確認
TBSA013G,エンジニア作業明細ＤＢ,エンジニア作業実績,エンジニア作業実績,主要関連カラム: DT_KOSIN（データ更新日時） / CD_KSNSYA（更新ユーザＩＤ） / CD_KSNKINO（更新アプリＩＤ）,CD_HANSYA（販社コード） / CD_KAISYA（会社コード） / CD_TENPO（店舗コード） / NO_YOYAKUID（予約ＩＤ） / CD_YOYKMSAI（予約明細ＩＤ） / CD_SYAIN（社員コード） / NO_ENJISEKI（エンジニア実績番号）,該当カラム未確認,該当カラム未確認,該当カラム未確認,未確認（Power BI・既存帳票の参照有無を確認）,第2段階候補（対象範囲次第）,業務事実/属性データ候補（正式値の参照先は未確認）,差分連携の可能性あり／実際の更新方式は未確認,未確認（物理削除・論理削除・取消行・抹消済移送の有無を確認）,未確認（上書き・取消再計上・版管理の有無を確認）,未確認（テーブル定義書の保持期間欄は未記入）,原則追記型。取消・訂正は削除せず状態/版で保持,第2段階の業務効率/継続収益マート,暫定（テーブル定義書・MTG資料ベース。実データ/担当者確認前）,サービス・整備業務担当＋帳票担当＋AI21/インフラ担当,第2段階対象か確認。Hueで予約→入庫→作業の接続率、取消/削除フラグ、実績日時の品質を確認
TBBC001G,中古車在庫基本情報DB,U-Car仕入・在庫・販売・処分管理,U-Car仕入→在庫→販売/卸/処分,主要関連カラム: NO_SYARYOU（車両ＮＯ） / MJ_KAKUSISY（確定仕入時車両ＮＯ付番フラグ） / KB_SIIRE（仕入区分） / MJ_SIRENYTA（仕入入力担当者） / DD_SIIRE（仕入日） / DD_UCZAIKOH（中古車在庫条件変更日） / DD_TORIKESI（取消日） / NO_SIRETYUM（仕入注文ＮＯ） / MJ_SIRENORI（仕入時登録ＮＯ陸支コード） / KB_SIRETOSY（仕入時登録ＮＯ車種区分） / CD_SIRETOGY（仕入時登録ＮＯ業態コード） / NO_SIRETOSE（仕入時登録ＮＯ整理番号） ほか123項目,CD_HANSYA（販社コード） / CD_KAISYA（会社コード） / NO_SYARYOU（車両ＮＯ）,NO_SYARYOU（車両ＮＯ） / MJ_KAKUSISY（確定仕入時車両ＮＯ付番フラグ） / NO_FRAME（フレームＮＯ） / NO_SYADAIBA（車台番号） / NO_SIRESSYR（仕入先車両ＮＯ）,NO_SIRETYUM（仕入注文ＮＯ） / NO_SATEI（査定ＮＯ） / NO_CYUMON（注文ＮＯ） / NO_CYUMONED（注文ＮＯ枝番） / NO_SIRESCHM（仕入先注文ＮＯ） / NO_SIRESCME（仕入先注文ＮＯ枝番） / NO_KYUSATEI（旧査定ＮＯ）,KB_URIAGYOT（売上予定区分） / KI_HNBSIJIK（販売指示価格） / KI_TENTOHYJ（店頭表示価格） / KI_HONSATEK（本査定価格） / KI_HONSATKZ（本査定価格＿前月） / KI_HONTGENK（本体原価） / NU_FURSATEI（振替査定損） / KI_SIIREKA（仕入価格） / KI_SITASASO（下取査定損） / KI_SIREYOTK（仕入予定価格） / KI_HONTSTK（本体ストック金額） / KI_HONTSTZM（本体ストック金額＿前月） ほか36項目,未確認（Power BI・既存帳票の参照有無を確認）,最優先候補,業務事実/属性データ候補（正式値の参照先は未確認）,差分更新/上書き型の可能性（更新日時・日次比較で確認）,未確認（物理削除・論理削除・取消行・抹消済移送の有無を確認）,取消・戻し・変更履歴・上書きの使い分けを確認,未確認（テーブル定義書の保持期間欄は未記入）,Current＋状態遷移履歴,Currentビュー＋状態遷移分析ビュー,暫定（テーブル定義書・MTG資料ベース。実データ/担当者確認前）,セキグチトモフミさん/U-Car担当＋帳票担当＋AI21/インフラ担当,在庫状態・価格定義・車両NOの継続性を確認。Hueで車両NO一意性、状態別件数、仕入/販売/処分日、下取接続率を確認
TBBC003G,仕入予定基本情報ＤＢ,U-Car仕入予定・予定価格,U-Car仕入予定→仕入,主要関連カラム: NO_SIRETYUM（仕入注文ＮＯ） / MJ_SIRENORI（仕入時登録ＮＯ陸支コード） / KB_SIRETOSY（仕入時登録ＮＯ車種区分） / CD_SIRETOGY（仕入時登録ＮＯ業態コード） / NO_SIRETOSE（仕入時登録ＮＯ整理番号） / NO_SYARYOU（車両ＮＯ） / CD_SIIRESAK（仕入先コード） / MJ_SIRESAKI（仕入先名） / CD_SIREYOTE（仕入予定店舗コード） / KB_SIREYOTE（仕入予定区分） / NO_FRAME（フレームＮＯ） / KB_URIAGYOT（売上予定区分） ほか78項目,CD_HANSYA（販社コード） / CD_KAISYA（会社コード） / NO_SIRETYUM（仕入注文ＮＯ） / MJ_SIRENORI（仕入時登録ＮＯ陸支コード） / KB_SIRETOSY（仕入時登録ＮＯ車種区分） / CD_SIRETOGY（仕入時登録ＮＯ業態コード） / NO_SIRETOSE（仕入時登録ＮＯ整理番号） / NO_SYARYOU（車両ＮＯ） / NO_LEASE（リース契約ＮＯ） / NO_KOTESISN（固定資産ＮＯ）,NO_SYARYOU（車両ＮＯ） / NO_FRAME（フレームＮＯ） / NO_SYADAIBA（車台番号） / NO_SIRESSYR（仕入先車両ＮＯ）,NO_SIRETYUM（仕入注文ＮＯ） / NO_SATEI（査定ＮＯ） / NO_SIRESCHM（仕入先注文ＮＯ） / NO_SIRESCME（仕入先注文ＮＯ枝番） / NO_KYUSATEI（旧査定ＮＯ）,KB_URIAGYOT（売上予定区分） / KI_HNBSIJIK（販売指示価格） / KI_TENTOHYJ（店頭表示価格） / KI_HONSATEK（本査定価格） / KI_HONTGENK（本体原価） / NU_FURSATEI（振替査定損） / KI_SIIREKA（仕入価格） / KI_SITASASO（下取査定損） / KI_SIREYOTK（仕入予定価格） / NO_SATEI（査定ＮＯ） / KI_KIHONKA（基本価格） / KB_TOROMURI（登録前売上区分） ほか21項目,未確認（Power BI・既存帳票の参照有無を確認）,利益の計算根拠まで残す場合の有力候補,業務事実/属性データ候補（正式値の参照先は未確認）,差分連携の可能性あり／実際の更新方式は未確認,未確認（物理削除・論理削除・取消行・抹消済移送の有無を確認）,未確認（上書き・取消再計上・版管理の有無を確認）,未確認（テーブル定義書の保持期間欄は未記入）,原則追記型。取消・訂正は削除せず状態/版で保持,車両・受注単位へ集計したマート／必要時のみ明細ドリルスルー,暫定（テーブル定義書・MTG資料ベース。実データ/担当者確認前）,セキグチトモフミさん/U-Car担当＋帳票担当＋AI21/インフラ担当,U-Car仕入/加修/価格変更の正式用途を確認。Hueで車両接続率、予定/実績差、変更回数、取消/重複を確認
TBBC005G,加修実績明細ＤＢ,U-Car加修実績原価,U-Car加修実績,主要関連カラム: NO_SYARYOU（車両ＮＯ） / KI_KOUTINGN（工賃原価） / KI_BUHINGEN（部品原価） / KI_GAIGENKA（外注原価） / KI_TAGENKA（その他原価） / DT_SAISINUP（最新更新日時） / MJ_SASINTAN（最新更新端末ＩＤ）,CD_HANSYA（販社コード） / CD_KAISYA（会社コード） / NO_SYARYOU（車両ＮＯ） / NO_DENPYO（伝票ＮＯ）,NO_SYARYOU（車両ＮＯ）,該当カラム未確認,KI_KOUTINGN（工賃原価） / KI_BUHINGEN（部品原価） / KI_GAIGENKA（外注原価） / KI_TAGENKA（その他原価）,未確認（Power BI・既存帳票の参照有無を確認）,利益の計算根拠まで残す場合の有力候補,利益計算の根拠データ候補（正式値は分析/帳票側と照合）,差分連携の可能性あり／実際の更新方式は未確認,未確認（物理削除・論理削除・取消行・抹消済移送の有無を確認）,未確認（上書き・取消再計上・版管理の有無を確認）,未確認（テーブル定義書の保持期間欄は未記入）,原則追記型。取消・訂正は削除せず状態/版で保持,車両・受注単位へ集計したマート／必要時のみ明細ドリルスルー,暫定（テーブル定義書・MTG資料ベース。実データ/担当者確認前）,セキグチトモフミさん/U-Car担当＋帳票担当＋AI21/インフラ担当,U-Car仕入/加修/価格変更の正式用途を確認。Hueで車両接続率、予定/実績差、変更回数、取消/重複を確認
TBBC011G,加修依頼管理ＤＢ,U-Car加修依頼管理,U-Car加修依頼,主要関連カラム: NO_SYARYOU（車両ＮＯ） / DD_KASYKIBO（加修希望納期） / DD_KASYUIRA（加修依頼日） / DT_SAISINUP（最新更新日時） / MJ_SASINTAN（最新更新端末ＩＤ）,CD_HANSYA（販社コード） / CD_KAISYA（会社コード） / NO_SYARYOU（車両ＮＯ） / NO_IRAISYO（依頼書ＮＯ）,NO_SYARYOU（車両ＮＯ）,該当カラム未確認,該当カラム未確認,未確認（Power BI・既存帳票の参照有無を確認）,査定・価格変更・詳細分析を行う場合の候補,業務事実/属性データ候補（正式値の参照先は未確認）,差分連携の可能性あり／実際の更新方式は未確認,未確認（物理削除・論理削除・取消行・抹消済移送の有無を確認）,未確認（上書き・取消再計上・版管理の有無を確認）,未確認（テーブル定義書の保持期間欄は未記入）,原則追記型。取消・訂正は削除せず状態/版で保持,車両・受注単位へ集計したマート／必要時のみ明細ドリルスルー,暫定（テーブル定義書・MTG資料ベース。実データ/担当者確認前）,セキグチトモフミさん/U-Car担当＋帳票担当＋AI21/インフラ担当,U-Car仕入/加修/価格変更の正式用途を確認。Hueで車両接続率、予定/実績差、変更回数、取消/重複を確認
TBBC012G,加修依頼明細ＤＢ,U-Car加修依頼明細,U-Car加修依頼明細,主要関連カラム: NO_SYARYOU（車両ＮＯ） / CD_KASYU（加修コード） / KJ_KASYNAIY（加修内容） / KJ_KASYU（加修メモ） / DT_SAISINUP（最新更新日時） / MJ_SASINTAN（最新更新端末ＩＤ）,CD_HANSYA（販社コード） / CD_KAISYA（会社コード） / NO_SYARYOU（車両ＮＯ） / NO_IRAISYO（依頼書ＮＯ） / NO_MEISAI（明細ＮＯ）,NO_SYARYOU（車両ＮＯ）,該当カラム未確認,該当カラム未確認,未確認（Power BI・既存帳票の参照有無を確認）,査定・価格変更・詳細分析を行う場合の候補,業務事実/属性データ候補（正式値の参照先は未確認）,差分連携の可能性あり／実際の更新方式は未確認,未確認（物理削除・論理削除・取消行・抹消済移送の有無を確認）,未確認（上書き・取消再計上・版管理の有無を確認）,未確認（テーブル定義書の保持期間欄は未記入）,原則追記型。取消・訂正は削除せず状態/版で保持,車両・受注単位へ集計したマート／必要時のみ明細ドリルスルー,暫定（テーブル定義書・MTG資料ベース。実データ/担当者確認前）,セキグチトモフミさん/U-Car担当＋帳票担当＋AI21/インフラ担当,U-Car仕入/加修/価格変更の正式用途を確認。Hueで車両接続率、予定/実績差、変更回数、取消/重複を確認
TBBC019G,中古車受注加修ＤＢ,U-Car受注時加修,U-Car販売時加修,主要関連カラム: NO_CYUMON（注文ＮＯ） / NO_CYUMONED（注文ＮＯ枝番） / CD_KASYU（加修コード） / NO_KASYREN（加修連番） / KI_KASYBUYK（加修売価） / KI_KASYSYTK（加修取得税） / KI_KASYMITM（加修見積額） / KI_KASYBYZK（加修売価＿税込） / DT_SAISINUP（最新更新日時） / MJ_SASINTAN（最新更新端末ＩＤ）,CD_HANSYA（販社コード） / CD_KAISYA（会社コード） / NO_CYUMON（注文ＮＯ） / NO_CYUMONED（注文ＮＯ枝番） / CD_KASYU（加修コード） / NO_KASYREN（加修連番）,該当カラム未確認,NO_CYUMON（注文ＮＯ） / NO_CYUMONED（注文ＮＯ枝番）,該当カラム未確認,未確認（Power BI・既存帳票の参照有無を確認）,利益の計算根拠まで残す場合の有力候補,利益計算の根拠データ候補（正式値は分析/帳票側と照合）,差分連携の可能性あり／実際の更新方式は未確認,未確認（物理削除・論理削除・取消行・抹消済移送の有無を確認）,未確認（上書き・取消再計上・版管理の有無を確認）,未確認（テーブル定義書の保持期間欄は未記入）,原則追記型。取消・訂正は削除せず状態/版で保持,車両・受注単位へ集計したマート／必要時のみ明細ドリルスルー,暫定（テーブル定義書・MTG資料ベース。実データ/担当者確認前）,セキグチトモフミさん/U-Car担当＋帳票担当＋AI21/インフラ担当,U-Car仕入/加修/価格変更の正式用途を確認。Hueで車両接続率、予定/実績差、変更回数、取消/重複を確認
TBBC096G,在庫価格変更履歴DB,U-Car在庫価格変更履歴,U-Car在庫・価格変更,主要関連カラム: NO_SYARYOU（車両ＮＯ） / DD_SIIRE（仕入日） / KI_HEMKAKU（変更前価格） / KI_HEGKAKU（変更後価格） / DT_SAISINUP（最新更新日時） / MJ_SASINTAN（最新更新端末ＩＤ）,CD_HANSYA（販社コード） / CD_KAISYA（会社コード） / NO_SYARYOU（車両ＮＯ） / KB_RIREKI（履歴区分） / DD_SIIRE（仕入日） / DD_HENKOU（変更日）,NO_SYARYOU（車両ＮＯ）,該当カラム未確認,KI_HEMKAKU（変更前価格） / KI_HEGKAKU（変更後価格）,未確認（Power BI・既存帳票の参照有無を確認）,査定・価格変更・詳細分析を行う場合の候補,業務事実/属性データ候補（正式値の参照先は未確認）,追記型候補（実データで再送・上書き有無を確認）,未確認（物理削除・論理削除・取消行・抹消済移送の有無を確認）,未確認（上書き・取消再計上・版管理の有無を確認）,未確認（テーブル定義書の保持期間欄は未記入）,原則追記型。取消・訂正は削除せず状態/版で保持,車両・受注単位へ集計したマート／必要時のみ明細ドリルスルー,暫定（テーブル定義書・MTG資料ベース。実データ/担当者確認前）,セキグチトモフミさん/U-Car担当＋帳票担当＋AI21/インフラ担当,U-Car仕入/加修/価格変更の正式用途を確認。Hueで車両接続率、予定/実績差、変更回数、取消/重複を確認
TBBC017G,中古車受注基本情報DB,U-Car受注・登録・売上・納車管理,U-Car受注→登録→売上→納車,主要関連カラム: NO_CYUMON（注文ＮＯ） / NO_CYUMONED（注文ＮＯ枝番） / NO_SYARYOU（車両ＮＯ） / CD_JYTYUTEN（受注店舗コード） / KB_URIAGE（売上区分） / KB_TOROKU（登録区分） / MJ_TORORIKU（登録陸支） / MJ_NOSYBAS（納車場所） / MJ_CYMONM1（注文メモ１） / MJ_CYMONM2（注文メモ２） / DD_PALTYMSK（ＰＡＬ注文書作成日） / DD_JUCYUHAS（受注発生日） ほか29項目,CD_HANSYA（販社コード） / CD_KAISYA（会社コード） / NO_CYUMON（注文ＮＯ） / NO_CYUMONED（注文ＮＯ枝番）,NO_SYARYOU（車両ＮＯ）,NO_CYUMON（注文ＮＯ） / NO_CYUMONED（注文ＮＯ枝番） / NO_ECCYUM（ＥＣ注文ＮＯ）,KB_URIAGE（売上区分） / DD_URITRKKJ（売上取消計上日） / DD_URIAGEKJ（売上計上日） / DD_URITORIK（売上取消日） / DD_MODURIAG（戻し売上日） / DD_URIAGYOT（売上予定日） / DD_URIAGE（売上日）,未確認（Power BI・既存帳票の参照有無を確認）,最優先候補,業務事実/属性データ候補（正式値の参照先は未確認）,差分更新/上書き型の可能性（更新日時・日次比較で確認）,未確認（物理削除・論理削除・取消行・抹消済移送の有無を確認）,取消・戻し・変更履歴・上書きの使い分けを確認,未確認（テーブル定義書の保持期間欄は未記入）,Current＋状態遷移履歴,Currentビュー＋状態遷移分析ビュー,暫定（テーブル定義書・MTG資料ベース。実データ/担当者確認前）,セキグチトモフミさん/U-Car担当＋帳票担当＋AI21/インフラ担当,U-Car受注・販売条件の正式用途を確認。Hueで注文/車両接続率、変更/取消頻度、金額整合を確認
TBBC020G,中古車受注販売条件情報DB,U-Car販売条件・価格・原価,U-Car販売条件・利益計算,主要関連カラム: NO_CYUMON（注文ＮＯ） / NO_CYUMONED（注文ＮＯ枝番） / NO_KAPKAISU（割賦回数） / KI_SITADORI（下取車価格） / KB_SITASYHI（下取消費税区分） / KI_SITASYHI（下取消費税） / KI_KAPHANKA（割賦販売価格） / KI_MAEUNYUK（前受入金額） / KB_TAISYGAJ（対象外受注区分） / KI_GENKNYKG（現金入金額） / KI_SITANYKG（下取車入金額） / KI_FUHARNYK（賦払金入金額） ほか55項目,CD_HANSYA（販社コード） / CD_KAISYA（会社コード） / NO_CYUMON（注文ＮＯ） / NO_CYUMONED（注文ＮＯ枝番）,該当カラム未確認,NO_CYUMON（注文ＮＯ） / NO_CYUMONED（注文ＮＯ枝番）,KI_SITADORI（下取車価格） / KI_SITZAN（下取残債） / KI_KAPHANKA（割賦販売価格） / KI_MAEUNYUK（前受入金額） / KI_GENKNYKG（現金入金額） / KI_SITANYKG（下取車入金額） / KI_FUHARNYK（賦払金入金額） / KB_KENSATOR（検査登録費用区分） / KI_KENSATOR（検査登録費用） / KI_KENSGENK（検査登録費用管理原価） / KB_SYAKOSYO（車庫証明費用区分） / KI_SYAKOSYO（車庫証明費用） ほか58項目,未確認（Power BI・既存帳票の参照有無を確認）,利益の計算根拠まで残す場合の有力候補,利益計算の根拠データ候補（正式値は分析/帳票側と照合）,差分連携の可能性あり／実際の更新方式は未確認,未確認（物理削除・論理削除・取消行・抹消済移送の有無を確認）,取消・戻し・変更履歴・上書きの使い分けを確認,未確認（テーブル定義書の保持期間欄は未記入）,変更検知型履歴（変更時のみ追加。必要に応じSCD Type2）,車両・受注単位へ集計したマート／必要時のみ明細ドリルスルー,暫定（テーブル定義書・MTG資料ベース。実データ/担当者確認前）,セキグチトモフミさん/U-Car担当＋帳票担当＋AI21/インフラ担当,U-Car受注・販売条件の正式用途を確認。Hueで注文/車両接続率、変更/取消頻度、金額整合を確認
TBBC031G,中古車受注任意諸費用情報Ｄ,U-Car任意諸費用,U-Car販売条件・利益計算,主要関連カラム: NO_CYUMON（注文ＮＯ） / NO_CYUMONED（注文ＮＯ枝番） / NO_NINSYHIY（任意諸費用連番） / KB_NINSYHIY（任意諸費用区分） / KI_NINSYHI（任意諸費用） / KI_NINSYHKG（任意諸費用管理原価） / KI_NINSYHZK（任意諸費用＿税込） / DT_SAISINUP（最新更新日時） / MJ_SASINTAN（最新更新端末ＩＤ）,CD_HANSYA（販社コード） / CD_KAISYA（会社コード） / NO_CYUMON（注文ＮＯ） / NO_CYUMONED（注文ＮＯ枝番） / NO_NINSYHIY（任意諸費用連番）,該当カラム未確認,NO_CYUMON（注文ＮＯ） / NO_CYUMONED（注文ＮＯ枝番）,NO_NINSYHIY（任意諸費用連番） / KB_NINSYHIY（任意諸費用区分） / KI_NINSYHI（任意諸費用） / KI_NINSYHKG（任意諸費用管理原価） / KI_NINSYHZK（任意諸費用＿税込）,未確認（Power BI・既存帳票の参照有無を確認）,利益の計算根拠まで残す場合の有力候補,利益計算の根拠データ候補（正式値は分析/帳票側と照合）,差分連携の可能性あり／実際の更新方式は未確認,未確認（物理削除・論理削除・取消行・抹消済移送の有無を確認）,未確認（上書き・取消再計上・版管理の有無を確認）,未確認（テーブル定義書の保持期間欄は未記入）,変更検知型履歴（変更時のみ追加。必要に応じSCD Type2）,車両・受注単位へ集計したマート／必要時のみ明細ドリルスルー,暫定（テーブル定義書・MTG資料ベース。実データ/担当者確認前）,セキグチトモフミさん/U-Car担当＋帳票担当＋AI21/インフラ担当,U-Car受注・販売条件の正式用途を確認。Hueで注文/車両接続率、変更/取消頻度、金額整合を確認
TBBC032G,中古車受注任意預り金情報ＤＢ,U-Car任意預り金,U-Car販売条件・預り金,主要関連カラム: NO_CYUMON（注文ＮＯ） / NO_CYUMONED（注文ＮＯ枝番） / NO_NINAZUKN（任意預かり金連番） / KB_NINAZUKN（任意預かり金区分） / KI_NINAZUK（任意預かり金） / KI_NINAZUKG（任意預かり金管理原価） / DT_SAISINUP（最新更新日時） / MJ_SASINTAN（最新更新端末ＩＤ）,CD_HANSYA（販社コード） / CD_KAISYA（会社コード） / NO_CYUMON（注文ＮＯ） / NO_CYUMONED（注文ＮＯ枝番） / NO_NINAZUKN（任意預かり金連番）,該当カラム未確認,NO_CYUMON（注文ＮＯ） / NO_CYUMONED（注文ＮＯ枝番）,NO_NINAZUKN（任意預かり金連番） / KB_NINAZUKN（任意預かり金区分） / KI_NINAZUK（任意預かり金） / KI_NINAZUKG（任意預かり金管理原価）,未確認（Power BI・既存帳票の参照有無を確認）,利益の計算根拠まで残す場合の有力候補,利益計算の根拠データ候補（正式値は分析/帳票側と照合）,差分連携の可能性あり／実際の更新方式は未確認,未確認（物理削除・論理削除・取消行・抹消済移送の有無を確認）,未確認（上書き・取消再計上・版管理の有無を確認）,未確認（テーブル定義書の保持期間欄は未記入）,変更検知型履歴（変更時のみ追加。必要に応じSCD Type2）,車両・受注単位へ集計したマート／必要時のみ明細ドリルスルー,暫定（テーブル定義書・MTG資料ベース。実データ/担当者確認前）,セキグチトモフミさん/U-Car担当＋帳票担当＋AI21/インフラ担当,U-Car受注・販売条件の正式用途を確認。Hueで注文/車両接続率、変更/取消頻度、金額整合を確認
TBBC033G,中古車受注割賦情報ＤＢ,U-Car割賦情報,U-Car販売条件・割賦,主要関連カラム: NO_CYUMON（注文ＮＯ） / NO_CYUMONED（注文ＮＯ枝番） / NO_KAPRENB（割賦連番） / KI_KAPGANKI（割賦元金） / KI_KAPTESU（割賦手数料） / KI_KAPTESG（割賦手数料管理原価） / KI_KAPTSRZK（割賦手数料＿税込） / DT_SAISINUP（最新更新日時） / MJ_SASINTAN（最新更新端末ＩＤ）,CD_HANSYA（販社コード） / CD_KAISYA（会社コード） / NO_CYUMON（注文ＮＯ） / NO_CYUMONED（注文ＮＯ枝番） / NO_KAPRENB（割賦連番）,該当カラム未確認,NO_CYUMON（注文ＮＯ） / NO_CYUMONED（注文ＮＯ枝番）,KI_KAPGANKI（割賦元金） / KI_KAPTESU（割賦手数料） / KI_KAPTESG（割賦手数料管理原価） / KI_KAPTSRZK（割賦手数料＿税込）,未確認（Power BI・既存帳票の参照有無を確認）,利益の計算根拠まで残す場合の有力候補,利益計算の根拠データ候補（正式値は分析/帳票側と照合）,差分連携の可能性あり／実際の更新方式は未確認,未確認（物理削除・論理削除・取消行・抹消済移送の有無を確認）,未確認（上書き・取消再計上・版管理の有無を確認）,未確認（テーブル定義書の保持期間欄は未記入）,変更検知型履歴（変更時のみ追加。必要に応じSCD Type2）,車両・受注単位へ集計したマート／必要時のみ明細ドリルスルー,暫定（テーブル定義書・MTG資料ベース。実データ/担当者確認前）,セキグチトモフミさん/U-Car担当＋帳票担当＋AI21/インフラ担当,U-Car受注・販売条件の正式用途を確認。Hueで注文/車両接続率、変更/取消頻度、金額整合を確認
TBBG100G,中古車受注分析ＤＢ,U-Car受注・利益分析,U-Car受注・売上・利益,主要関連カラム: NO_CYUMON（注文ＮＯ） / MJ_SIRETENP（仕入店舗） / CD_SIRESTFF（仕入スタッフコード） / MJ_SIRESTFF（仕入スタッフ名） / KB_SIIRE（仕入区分） / MJ_SIIREMEI（仕入区分名称） / KB_URIAGE（売上区分） / CD_SIIRESAK（仕入先コード） / CD_KAPKASUH（割賦回数範囲コード） / CD_SIRERTKB（仕入ルート区分コード） / DD_JUCYU（受注日） / DD_URIAGE（売上日） ほか48項目,CD_HANSYA（販社コード） / CD_KAISYA（会社コード） / NO_CYUMON（注文ＮＯ） / NO_HNRIREK（変更履歴ＮＯ）,NO_SYARYOU（車両ＮＯ）,NO_CYUMON（注文ＮＯ）,KB_URIAGE（売上区分） / DD_URIAGE（売上日） / KI_KINGKHNS（金額＿販売指示価格） / KI_KINGKTNH（金額＿店頭表示価格） / KI_KINGKCHK（金額＿注文書価格） / KI_KINGKHNK（金額＿販売価格計） / KI_KINGKHZK（金額＿付属品） / KI_KINGKSPS（金額＿特別仕様） / KI_KINGKKPM（金額＿割賦元金） / KI_KINGKPM2（金額＿割賦元金２） / KI_KINGKPM3（金額＿割賦元金３） / KI_KINGKKPT（金額＿割賦手数料） ほか21項目,未確認（利益・売上帳票/Power BIの参照候補）,最優先候補,未確認（正式な利益/売上値の候補。計上時点・原価基準・取消反映を確認）,差分追加・再計算・上書きの実態未確認,未確認（物理削除・論理削除・取消行・抹消済移送の有無を確認）,取消・戻し・変更履歴・上書きの使い分けを確認,未確認（テーブル定義書の保持期間欄は未記入）,計算済みスナップショット＋計算根拠明細の保持,車両/受注/店舗・月次の利益マート。正式値と参考値を分離,暫定（テーブル定義書・MTG資料ベース。実データ/担当者確認前）,セキグチトモフミさん/U-Car担当＋帳票担当＋AI21/インフラ担当,正式U-Car利益/用途を比較確認。Hueで粒度・一意キー、計上日、取消/修正、利益差、元テーブルとの整合を確認
TBBC102G,ＵＣＡＲ販売実績分析ＤＢ,U-Car販売実績・総利益分析,U-Car売上・利益,主要関連カラム: NO_SYARYOU（車両ＮＯ） / NO_CYUMON（注文ＮＯ） / NO_CYUMONED（注文ＮＯ枝番） / DD_URIAGEKJ（売上計上日） / DD_URITRKKJ（売上取消計上日） / DD_JUCYUHAS（受注発生日） / KB_SIIRE（仕入区分） / SU_SYODOTOR（初度登録年月） / CD_TOROSYOK（登録用色コード） / KI_SYARYHAN（車両販売価格） / KI_KAPGANKI（割賦元金） / NO_KAPKAISU（割賦回数） ほか6項目,CD_HANSYA（販社コード） / CD_KAISYA（会社コード） / CD_TENPO（店舗コード） / DD_KEIJYOBI（計上日） / NO_SYARYOU（車両ＮＯ） / NO_CYUMON（注文ＮＯ） / NO_CYUMONED（注文ＮＯ枝番） / KB_SYORI（処理区分）,NO_SYARYOU（車両ＮＯ）,NO_CYUMON（注文ＮＯ） / NO_CYUMONED（注文ＮＯ枝番）,DD_URIAGEKJ（売上計上日） / DD_URITRKKJ（売上取消計上日） / KI_SYARYHAN（車両販売価格） / KI_KAPGANKI（割賦元金） / KI_KAPHANKA（割賦販売価格） / KI_SOURIEKI（総利益）,未確認（利益・売上帳票/Power BIの参照候補）,最優先候補,未確認（正式な利益/売上値の候補。計上時点・原価基準・取消反映を確認）,差分追加・再計算・上書きの実態未確認,未確認（物理削除・論理削除・取消行・抹消済移送の有無を確認）,取消・戻し・変更履歴・上書きの使い分けを確認,未確認（テーブル定義書の保持期間欄は未記入）,計算済みスナップショット＋計算根拠明細の保持,車両/受注/店舗・月次の利益マート。正式値と参考値を分離,暫定（テーブル定義書・MTG資料ベース。実データ/担当者確認前）,セキグチトモフミさん/U-Car担当＋帳票担当＋AI21/インフラ担当,正式U-Car利益/用途を比較確認。Hueで粒度・一意キー、計上日、取消/修正、利益差、元テーブルとの整合を確認
TBG8047W,中古車売上明細ＤＢ,U-Car売上明細,U-Car売上明細,主要関連カラム: KB_URIAGE（売上区分） / NO_SYARYOU（車両ＮＯ） / NO_CYUMON（注文ＮＯ） / DD_URIAGE（売上日） / DD_SIIRE（仕入日） / NO_TOUROKU（登録ＮＯ） / KI_SYRYOHON（車両本体価格） / KI_SYRYONEB（車両本体値引） / KI_FUZOKUKA（付属品価格） / KI_SPSIYOKA（特別仕様価格） / KI_HANKAKAK（販売価格計） / KB_KAPTESZR（割賦手数料税率区分） ほか6項目,CD_HANSYA（販社コード）,NO_SYARYOU（車両ＮＯ） / NO_TOUROKU（登録ＮＯ）,NO_CYUMON（注文ＮＯ）,KB_URIAGE（売上区分） / DD_URIAGE（売上日） / KI_SYRYOHON（車両本体価格） / KI_SYRYONEB（車両本体値引） / KI_FUZOKUKA（付属品価格） / KI_SPSIYOKA（特別仕様価格） / KI_HANKAKAK（販売価格計） / KB_KAPTESZR（割賦手数料税率区分） / KI_KAPTESU（割賦手数料） / KI_KAPTESU2（割賦手数料２） / KI_HNBSTEKZ（販売諸手数料課税） / KI_AZUHOTHI（預り法定費用） ほか3項目,未確認（利益・売上帳票/Power BIの参照候補）,正式値・用途比較のための候補,未確認（正式な利益/売上値の候補。計上時点・原価基準・取消反映を確認）,差分追加・再計算・上書きの実態未確認,未確認（物理削除・論理削除・取消行・抹消済移送の有無を確認）,未確認（上書き・取消再計上・版管理の有無を確認）,未確認（テーブル定義書の保持期間欄は未記入）,計算済みスナップショット＋計算根拠明細の保持,車両/受注/店舗・月次の利益マート。正式値と参考値を分離,暫定（テーブル定義書・MTG資料ベース。実データ/担当者確認前）,セキグチトモフミさん/U-Car担当＋帳票担当＋AI21/インフラ担当,正式U-Car利益/用途を比較確認。Hueで粒度・一意キー、計上日、取消/修正、利益差、元テーブルとの整合を確認
TBBG117G,中古車総合収益ＤＢ,U-Car総合収益（月次・スタッフ等の集計）,U-Car収益集計,主要関連カラム: KI_UCHONURI（中古車本体売上） / KI_UCKSYURI（中古車加修売上） / KI_UCHONGEN（中古車本体原価） / KI_UCSKSYMT（中古車総加修見積額） / KI_UCKPLEST（中古車割賦リース手数料） / KI_UCKPLESK（中古割賦リース手数料管理原価） / KI_UCHNBTSK（中古車販売諸手数料管理原価） / KI_UCJAFAZU（中古車ＪＡＦ預り金） / KI_UCJAFKRG（中古車ＪＡＦ管理原価） / KI_UCNINHAZ（中古車任意保険預り金） / KI_UCNINHKG（中古車任意保険管理原価） / KI_UCTAAZU（中古車その他預り金） ほか4項目,CD_HANSYA（販社コード） / CD_KAISYA（会社コード） / CD_STAFF（スタッフコード） / NU_TAIYYMM（対象年月） / KB_SOGOSYEK（総合収益区分）,該当カラム未確認,該当カラム未確認,KI_UCHONURI（中古車本体売上） / KI_UCKSYURI（中古車加修売上） / KI_UCHONGEN（中古車本体原価） / KI_UCKPLEST（中古車割賦リース手数料） / KI_UCKPLESK（中古割賦リース手数料管理原価） / KI_UCHNBTSB（中古車販売諸手数料売価） / KI_UCHNBTSK（中古車販売諸手数料管理原価） / KI_UCJAFAZU（中古車ＪＡＦ預り金） / KI_UCJAFKRG（中古車ＪＡＦ管理原価） / KI_UCNINHAZ（中古車任意保険預り金） / KI_UCNINHKG（中古車任意保険管理原価） / KI_UCTAAZU（中古車その他預り金） ほか3項目,未確認（利益・売上帳票/Power BIの参照候補）,正式値・用途比較のための候補,未確認（正式な利益/売上値の候補。計上時点・原価基準・取消反映を確認）,差分追加・再計算・上書きの実態未確認,未確認（物理削除・論理削除・取消行・抹消済移送の有無を確認）,未確認（上書き・取消再計上・版管理の有無を確認）,未確認（テーブル定義書の保持期間欄は未記入）,計算済みスナップショット＋計算根拠明細の保持,車両/受注/店舗・月次の利益マート。正式値と参考値を分離,暫定（テーブル定義書・MTG資料ベース。実データ/担当者確認前）,セキグチトモフミさん/U-Car担当＋帳票担当＋AI21/インフラ担当,正式U-Car利益/用途を比較確認。Hueで粒度・一意キー、計上日、取消/修正、利益差、元テーブルとの整合を確認
TBG8006M,中古車小売売上トランＤＢ,U-Car小売売上トランザクション,U-Car小売売上・訂正,主要関連カラム: KB_KOSIN（更新区分） / NO_CYUMON（注文ＮＯ） / KB_URIAGE（売上区分） / KB_KAITAISY（解体車両区分） / DD_URIAGE（売上日） / NO_SYARYOU（車両ＮＯ） / DD_SIIRE（仕入日） / KB_TORO1J2J（登録一次二次区分） / KB_TOROKU（登録区分） / NO_TOUROKU（登録ＮＯ） / KI_SYRYOHON（車両本体価格） / KI_SYRYONEB（車両本体値引） ほか50項目,LOGIC_PK（ロジカルプライマリキー） / CD_HANSYA（販社コード）,NO_SYARYOU（車両ＮＯ） / NO_TOUROKU（登録ＮＯ） / NO_SYADAIBA（車台番号）,NO_CYUMON（注文ＮＯ）,KB_URIAGE（売上区分） / DD_URIAGE（売上日） / KI_SYRYOHON（車両本体価格） / KI_SYRYONEB（車両本体値引） / KI_FUZOKUKA（付属品価格） / KI_SPSIYOKA（特別仕様価格） / KI_HANKAKAK（販売価格計） / KI_SITADORI（下取車価格） / KI_SITASYZA（下取車残債） / KI_KAPGANKI（割賦元金） / KI_KAPTESU（割賦手数料） / KI_KAPGAN2（割賦元金２） ほか35項目,未確認（利益・売上帳票/Power BIの参照候補）,正式値・用途比較のための候補,未確認（正式な利益/売上値の候補。計上時点・原価基準・取消反映を確認）,差分追加・再計算・上書きの実態未確認,未確認（物理削除・論理削除・取消行・抹消済移送の有無を確認）,未確認（上書き・取消再計上・版管理の有無を確認）,未確認（テーブル定義書の保持期間欄は未記入）,計算済みスナップショット＋計算根拠明細の保持,車両/受注/店舗・月次の利益マート。正式値と参考値を分離,暫定（テーブル定義書・MTG資料ベース。実データ/担当者確認前）,セキグチトモフミさん/U-Car担当＋帳票担当＋AI21/インフラ担当,正式U-Car利益/用途を比較確認。Hueで粒度・一意キー、計上日、取消/修正、利益差、元テーブルとの整合を確認
TBBA085G,抹消済新車受注基本情報DB,新車系の既存抹消済/保存用データ（抹消済新車受注基本情報DB）,新車工程の抹消・保存・アーカイブ,主要関連カラム: NO_CYUMON（注文ＮＯ） / NO_CYUMONED（注文ＮＯ枝番） / SU_JUCHUDAI（受注台数） / NO_SYADAIBA（車台番号） / KB_TOROKU（登録区分） / KB_JCSINPO（受注進捗区分） / KB_TOROKKAH（登録可否区分） / MJ_NOSYBAS（納車場所） / MJ_SYATEIRA（車両手配依頼） / DD_SYRYTHIR（車両手配依頼日） / MJ_CYMONM1（注文メモ１） / MJ_CYMONM2（注文メモ２） ほか56項目,CD_HANSYA（販社コード） / CD_KAISYA（会社コード） / NO_CYUMON（注文ＮＯ） / NO_CYUMONED（注文ＮＯ枝番） / DD_URIAGE（売上日）,NO_SYADAIBA（車台番号） / NO_FRAME（フレームＮＯ）,NO_CYUMON（注文ＮＯ） / NO_CYUMONED（注文ＮＯ枝番） / NO_KYTYUMON（旧注文ＮＯ） / NO_KYTYMOED（旧注文ＮＯ枝番） / NO_SINTYMON（新注文ＮＯ） / NO_SINTYMED（新注文ＮＯ枝番） / NO_SKYCYMON（送信旧注文ＮＯ） / NO_SKYCYMED（送信旧注文ＮＯ枝番）,DD_URITRKKJ（売上取消計上日） / DD_MODURIKJ（戻し売上計上日） / DD_URIAGEKJ（売上計上日） / DD_URITORIK（売上取消日） / DD_MODURIAG（戻し売上日） / DD_URIAGE（売上日）,未確認（通常帳票ではなく調査・アーカイブ用途の可能性）,既存履歴/アーカイブとして最優先で仕様確認,既存保存データ候補（正式値としての利用可否は未確認）,現行テーブルから移送・保存される可能性（移送条件・頻度は未確認）,抹消済/保存用への移送条件、現行からの物理削除有無を確認,取消・戻し・変更履歴・上書きの使い分けを確認,未確認（テーブル定義書の保持期間欄は未記入）,既存アーカイブの再利用可否を先に評価。不足時のみ補完Historyを作成,原則直接公開しない。監査・調査用ビューまたは履歴補完元として利用,暫定（テーブル定義書・MTG資料ベース。実データ/担当者確認前）,AI21担当＋インフラ担当＋セキグチさん,AI21/インフラへ移送条件・保持期間を確認。Hueで現行表との件数/PK差分、重複、抹消/売上/仕入日を確認
TBBA092G,抹消済新車受注追工DB,新車系の既存抹消済/保存用データ（抹消済新車受注追工DB）,新車工程の抹消・保存・アーカイブ,主要関連カラム: NO_CYUMON（注文ＮＯ） / NO_CYUMONED（注文ＮＯ枝番） / KI_TUIKOKIN（追工金額） / KI_TUIKKINM（追工金額マスタ値） / KI_TUIKKNGE（追工管理原価） / KI_BUHYTG（部品予定原価） / KI_KOTIYOGE（工賃予定原価） / KI_GAITYYOT（外注予定原価） / KI_TAYOGEN（その他予定原価） / KI_YOTEGEKE（予定原価計） / KI_CENTBUYO（センター部品予定原価） / KI_CENTKOYO（センター工賃予定原価） ほか11項目,CD_HANSYA（販社コード） / CD_KAISYA（会社コード） / NO_CYUMON（注文ＮＯ） / NO_CYUMONED（注文ＮＯ枝番） / CD_OYATUIKO（親追工コード） / NO_OYATUIKO（親追工連番） / CD_TUIKO（追工コード） / KI_TUIKRE（追工連番） / DD_URIAGE（売上日）,該当カラム未確認,NO_CYUMON（注文ＮＯ） / NO_CYUMONED（注文ＮＯ枝番）,KI_TUIKOKIN（追工金額） / KI_TUIKKINM（追工金額マスタ値） / KI_TUIKKNGE（追工管理原価） / KI_BUHYTG（部品予定原価） / KI_KOTIYOGE（工賃予定原価） / KI_GAITYYOT（外注予定原価） / KI_TAYOGEN（その他予定原価） / KI_YOTEGEKE（予定原価計） / KI_CENTBUYO（センター部品予定原価） / KI_CENTKOYO（センター工賃予定原価） / KI_CENTGAYO（センター外注予定原価） / KI_CENTYOGN（センターその他予定原価） ほか3項目,未確認（通常帳票ではなく調査・アーカイブ用途の可能性）,既存履歴/アーカイブとして最優先で仕様確認,既存保存データ候補（正式値としての利用可否は未確認）,現行テーブルから移送・保存される可能性（移送条件・頻度は未確認）,抹消済/保存用への移送条件、現行からの物理削除有無を確認,取消・戻し・変更履歴・上書きの使い分けを確認,未確認（テーブル定義書の保持期間欄は未記入）,既存アーカイブの再利用可否を先に評価。不足時のみ補完Historyを作成,原則直接公開しない。監査・調査用ビューまたは履歴補完元として利用,暫定（テーブル定義書・MTG資料ベース。実データ/担当者確認前）,AI21担当＋インフラ担当＋セキグチさん,AI21/インフラへ移送条件・保持期間を確認。Hueで現行表との件数/PK差分、重複、抹消/売上/仕入日を確認
TBBA093G,抹消済新車販売条件情報DB,新車系の既存抹消済/保存用データ（抹消済新車販売条件情報DB）,新車工程の抹消・保存・アーカイブ,主要関連カラム: NO_CYUMON（注文ＮＯ） / NO_CYUMONED（注文ＮＯ枝番） / KI_KATAYOGE（型式予定原価） / KI_KATAKANR（型式管理原価） / KI_SIKIYOTG（色予定原価） / KI_SIKIKANG（色管理原価） / KI_MAKEOK1（メーカーＯＰＴ管理原価１） / SU_MAKOYO1（メーカーＯＰＴ予定原価１） / KI_MAKEOK2（メーカーＯＰＴ管理原価２） / SU_MAKOYO2（メーカーＯＰＴ予定原価２） / KI_MAKEOK3（メーカーＯＰＴ管理原価３） / SU_MAKOYO3（メーカーＯＰＴ予定原価３） ほか104項目,CD_HANSYA（販社コード） / CD_KAISYA（会社コード） / NO_CYUMON（注文ＮＯ） / NO_CYUMONED（注文ＮＯ枝番） / DD_URIAGE（売上日）,該当カラム未確認,NO_CYUMON（注文ＮＯ） / NO_CYUMONED（注文ＮＯ枝番）,KI_KATAYOGE（型式予定原価） / KI_KATAKANR（型式管理原価） / KI_SIKIYOTG（色予定原価） / KI_SIKIKANG（色管理原価） / KI_MAKEOK1（メーカーＯＰＴ管理原価１） / SU_MAKOYO1（メーカーＯＰＴ予定原価１） / KI_MAKEOK2（メーカーＯＰＴ管理原価２） / SU_MAKOYO2（メーカーＯＰＴ予定原価２） / KI_MAKEOK3（メーカーＯＰＴ管理原価３） / SU_MAKOYO3（メーカーＯＰＴ予定原価３） / KI_MAKEOK4（メーカーＯＰＴ管理原価４） / SU_MAKOYO4（メーカーＯＰＴ予定原価４） ほか110項目,未確認（通常帳票ではなく調査・アーカイブ用途の可能性）,既存履歴/アーカイブとして最優先で仕様確認,既存保存データ候補（正式値としての利用可否は未確認）,現行テーブルから移送・保存される可能性（移送条件・頻度は未確認）,抹消済/保存用への移送条件、現行からの物理削除有無を確認,取消・戻し・変更履歴・上書きの使い分けを確認,未確認（テーブル定義書の保持期間欄は未記入）,既存アーカイブの再利用可否を先に評価。不足時のみ補完Historyを作成,原則直接公開しない。監査・調査用ビューまたは履歴補完元として利用,暫定（テーブル定義書・MTG資料ベース。実データ/担当者確認前）,AI21担当＋インフラ担当＋セキグチさん,AI21/インフラへ移送条件・保持期間を確認。Hueで現行表との件数/PK差分、重複、抹消/売上/仕入日を確認
TBBA095G,抹消済受注下取ＤＢ,新車系の既存抹消済/保存用データ（抹消済受注下取ＤＢ）,新車工程の抹消・保存・アーカイブ,主要関連カラム: NO_CYUMON（注文ＮＯ） / NO_CYUMONED（注文ＮＯ枝番） / CD_NORIKUSI（登録ＮＯ陸支コード） / KB_NOSYASYU（登録ＮＯ車種区分） / CD_NOGYOTAI（登録ＮＯ業態コード） / NO_NOSEIRI（登録ＮＯ整理番号） / KB_MITRCHUB（未登録車付番済区分） / NO_SATEISYO（査定書ＮＯ） / DD_SATEI（査定日） / NO_SYARYOU（車両ＮＯ） / KI_SITADKAK（下取価格） / KB_SITASYHI（下取消費税区分） ほか12項目,CD_HANSYA（販社コード） / CD_KAISYA（会社コード） / KB_SINCYU（新中区分） / NO_CYUMON（注文ＮＯ） / NO_CYUMONED（注文ＮＯ枝番） / NO_SITARENB（下取連番） / DD_URIAGE（売上日）,CD_NORIKUSI（登録ＮＯ陸支コード） / KB_NOSYASYU（登録ＮＯ車種区分） / CD_NOGYOTAI（登録ＮＯ業態コード） / NO_NOSEIRI（登録ＮＯ整理番号） / NO_SYARYOU（車両ＮＯ） / NO_SYADAIBA（車台番号）,NO_CYUMON（注文ＮＯ） / NO_CYUMONED（注文ＮＯ枝番） / NO_KYUSATEI（旧査定ＮＯ）,NO_SATEISYO（査定書ＮＯ） / DD_SATEI（査定日） / KI_SITADKAK（下取価格） / KB_ZANSEKSA（残債先区分） / MJ_ZANSEKSA（残債先名） / KI_AZRECYYO（預りリサイクル預託金） / KI_SIYZJDHI（使用済自動車引取依頼金額） / NO_KYUSATEI（旧査定ＮＯ） / DD_URIAGE（売上日）,未確認（通常帳票ではなく調査・アーカイブ用途の可能性）,既存履歴/アーカイブとして最優先で仕様確認,既存保存データ候補（正式値としての利用可否は未確認）,現行テーブルから移送・保存される可能性（移送条件・頻度は未確認）,抹消済/保存用への移送条件、現行からの物理削除有無を確認,取消・戻し・変更履歴・上書きの使い分けを確認,未確認（テーブル定義書の保持期間欄は未記入）,既存アーカイブの再利用可否を先に評価。不足時のみ補完Historyを作成,原則直接公開しない。監査・調査用ビューまたは履歴補完元として利用,暫定（テーブル定義書・MTG資料ベース。実データ/担当者確認前）,AI21担当＋インフラ担当＋セキグチさん,AI21/インフラへ移送条件・保持期間を確認。Hueで現行表との件数/PK差分、重複、抹消/売上/仕入日を確認
TBBA099G,抹消済登録DB,新車系の既存抹消済/保存用データ（抹消済登録DB）,新車工程の抹消・保存・アーカイブ,主要関連カラム: NO_CYUMON（注文ＮＯ） / NO_CYUMONED（注文ＮＯ枝番） / NO_SYARYOU（車両ＮＯ） / DD_TOROYOTE（登録予定日） / SU_TOROKAI（登録回数） / CD_NORIKUSI（登録ＮＯ陸支コード） / KB_NOSYASYU（登録ＮＯ車種区分） / MJ_NOGYOTAI（登録ＮＯ業態） / NO_NOSEIRI（登録ＮＯ整理番号） / KB_JCJDSOTO（受注時自動車税相当額区分） / KI_JCNAJDST（受注時名変自動車税相当額） / KB_JCJBSOTO（受注時自賠責相当額区分） ほか27項目,CD_HANSYA（販社コード） / CD_KAISYA（会社コード） / KB_SYOHIN（商品区分） / NO_CYUMON（注文ＮＯ） / NO_CYUMONED（注文ＮＯ枝番） / NO_SYARYOU（車両ＮＯ） / KB_1JI2JI（一次二次区分） / DD_URIAGE（売上日）,NO_SYARYOU（車両ＮＯ） / CD_NORIKUSI（登録ＮＯ陸支コード） / KB_NOSYASYU（登録ＮＯ車種区分） / NO_NOSEIRI（登録ＮＯ整理番号）,NO_CYUMON（注文ＮＯ） / NO_CYUMONED（注文ＮＯ枝番）,MJ_TOROMAF（登録前売上ＦＬＧ） / DD_URIAGE（売上日）,未確認（通常帳票ではなく調査・アーカイブ用途の可能性）,既存履歴/アーカイブとして最優先で仕様確認,既存保存データ候補（正式値としての利用可否は未確認）,現行テーブルから移送・保存される可能性（移送条件・頻度は未確認）,抹消済/保存用への移送条件、現行からの物理削除有無を確認,取消・戻し・変更履歴・上書きの使い分けを確認,未確認（テーブル定義書の保持期間欄は未記入）,既存アーカイブの再利用可否を先に評価。不足時のみ補完Historyを作成,原則直接公開しない。監査・調査用ビューまたは履歴補完元として利用,暫定（テーブル定義書・MTG資料ベース。実データ/担当者確認前）,AI21担当＋インフラ担当＋セキグチさん,AI21/インフラへ移送条件・保持期間を確認。Hueで現行表との件数/PK差分、重複、抹消/売上/仕入日を確認
TBBA105G,抹消済新車車両情報DB,新車系の既存抹消済/保存用データ（抹消済新車車両情報DB）,新車工程の抹消・保存・アーカイブ,主要関連カラム: NO_FRAME（フレームＮＯ） / DD_SIIRE（仕入日） / MJ_ZAIKOSAK（在庫先） / MJ_SYASEKYH（車両代請求販売店） / CD_ZAIKBSDR（在庫場所ディーラーコード） / MJ_ZAIKOBAS（在庫場所） / MJ_ZENZAKBS（前月末在庫場所） / KB_FRAME（フレーム区分） / NO_KRFRAM（仮フレームＮＯ） / NO_SYADAIBA（車台番号） / NO_CYUMON（注文ＮＯ） / NO_CYUMONED（注文ＮＯ枝番） ほか24項目,CD_HANSYA（販社コード） / CD_KAISYA（会社コード） / MJ_SIMUKSAK（仕向先） / NO_ORDER（オーダーＮＯ） / MJ_KATAHIMA（型式ハイフン前） / NO_FRAME（フレームＮＯ） / DD_SIIRE（仕入日）,NO_FRAME（フレームＮＯ） / NO_KRFRAM（仮フレームＮＯ） / NO_SYADAIBA（車台番号）,NO_CYUMON（注文ＮＯ） / NO_CYUMONED（注文ＮＯ枝番） / NO_CANCEL（キャンセル注文ＮＯ） / NO_CANCEEDA（キャンセル注文ＮＯ枝番）,DD_MODURIAG（戻し売上日） / DD_URITORIK（売上取消日） / DD_URIAGE（売上日）,未確認（通常帳票ではなく調査・アーカイブ用途の可能性）,既存履歴/アーカイブとして最優先で仕様確認,既存保存データ候補（正式値としての利用可否は未確認）,現行テーブルから移送・保存される可能性（移送条件・頻度は未確認）,抹消済/保存用への移送条件、現行からの物理削除有無を確認,取消・戻し・変更履歴・上書きの使い分けを確認,未確認（テーブル定義書の保持期間欄は未記入）,既存アーカイブの再利用可否を先に評価。不足時のみ補完Historyを作成,原則直接公開しない。監査・調査用ビューまたは履歴補完元として利用,暫定（テーブル定義書・MTG資料ベース。実データ/担当者確認前）,AI21担当＋インフラ担当＋セキグチさん,AI21/インフラへ移送条件・保持期間を確認。Hueで現行表との件数/PK差分、重複、抹消/売上/仕入日を確認
TBBA108G,保存用新車受注基本情報ＤＢ,新車系の既存抹消済/保存用データ（保存用新車受注基本情報ＤＢ）,新車工程の抹消・保存・アーカイブ,主要関連カラム: NO_CYUMON（注文ＮＯ） / NO_CYUMONED（注文ＮＯ枝番） / SU_JUCHUDAI（受注台数） / NO_SYADAIBA（車台番号） / KB_TOROKU（登録区分） / KB_JCSINPO（受注進捗区分） / KB_TOROKKAH（登録可否区分） / MJ_NOSYBAS（納車場所） / MJ_SYATEIRA（車両手配依頼） / DD_SYRYTHIR（車両手配依頼日） / MJ_CYMONM1（注文メモ１） / MJ_CYMONM2（注文メモ２） ほか56項目,CD_HANSYA（販社コード） / CD_KAISYA（会社コード） / NO_CYUMON（注文ＮＯ） / NO_CYUMONED（注文ＮＯ枝番） / DD_URIAGE（売上日）,NO_SYADAIBA（車台番号） / NO_FRAME（フレームＮＯ）,NO_CYUMON（注文ＮＯ） / NO_CYUMONED（注文ＮＯ枝番） / NO_KYTYUMON（旧注文ＮＯ） / NO_KYTYMOED（旧注文ＮＯ枝番） / NO_SINTYMON（新注文ＮＯ） / NO_SINTYMED（新注文ＮＯ枝番） / NO_SKYCYMON（送信旧注文ＮＯ） / NO_SKYCYMED（送信旧注文ＮＯ枝番）,DD_URITRKKJ（売上取消計上日） / DD_MODURIKJ（戻し売上計上日） / DD_URIAGEKJ（売上計上日） / DD_URITORIK（売上取消日） / DD_MODURIAG（戻し売上日） / DD_URIAGE（売上日）,未確認（通常帳票ではなく調査・アーカイブ用途の可能性）,既存履歴/アーカイブとして最優先で仕様確認,既存保存データ候補（正式値としての利用可否は未確認）,現行テーブルから移送・保存される可能性（移送条件・頻度は未確認）,抹消済/保存用への移送条件、現行からの物理削除有無を確認,取消・戻し・変更履歴・上書きの使い分けを確認,未確認（テーブル定義書の保持期間欄は未記入）,既存アーカイブの再利用可否を先に評価。不足時のみ補完Historyを作成,原則直接公開しない。監査・調査用ビューまたは履歴補完元として利用,暫定（テーブル定義書・MTG資料ベース。実データ/担当者確認前）,AI21担当＋インフラ担当＋セキグチさん,AI21/インフラへ移送条件・保持期間を確認。Hueで現行表との件数/PK差分、重複、抹消/売上/仕入日を確認
TBBA117G,保存用受注下取ＤＢ,新車系の既存抹消済/保存用データ（保存用受注下取ＤＢ）,新車工程の抹消・保存・アーカイブ,主要関連カラム: NO_CYUMON（注文ＮＯ） / NO_CYUMONED（注文ＮＯ枝番） / CD_NORIKUSI（登録ＮＯ陸支コード） / KB_NOSYASYU（登録ＮＯ車種区分） / CD_NOGYOTAI（登録ＮＯ業態コード） / NO_NOSEIRI（登録ＮＯ整理番号） / KB_MITRCHUB（未登録車付番済区分） / NO_SATEISYO（査定書ＮＯ） / DD_SATEI（査定日） / NO_SYARYOU（車両ＮＯ） / KI_SITADKAK（下取価格） / KB_SITASYHI（下取消費税区分） ほか12項目,CD_HANSYA（販社コード） / CD_KAISYA（会社コード） / KB_SINCYU（新中区分） / NO_CYUMON（注文ＮＯ） / NO_CYUMONED（注文ＮＯ枝番） / NO_SITARENB（下取連番） / DD_URIAGE（売上日）,CD_NORIKUSI（登録ＮＯ陸支コード） / KB_NOSYASYU（登録ＮＯ車種区分） / CD_NOGYOTAI（登録ＮＯ業態コード） / NO_NOSEIRI（登録ＮＯ整理番号） / NO_SYARYOU（車両ＮＯ） / NO_SYADAIBA（車台番号）,NO_CYUMON（注文ＮＯ） / NO_CYUMONED（注文ＮＯ枝番） / NO_KYUSATEI（旧査定ＮＯ）,NO_SATEISYO（査定書ＮＯ） / DD_SATEI（査定日） / KI_SITADKAK（下取価格） / KB_ZANSEKSA（残債先区分） / MJ_ZANSEKSA（残債先名） / KI_AZRECYYO（預りリサイクル預託金） / KI_SIYZJDHI（使用済自動車引取依頼金額） / NO_KYUSATEI（旧査定ＮＯ） / DD_URIAGE（売上日）,未確認（通常帳票ではなく調査・アーカイブ用途の可能性）,既存履歴/アーカイブとして最優先で仕様確認,既存保存データ候補（正式値としての利用可否は未確認）,現行テーブルから移送・保存される可能性（移送条件・頻度は未確認）,抹消済/保存用への移送条件、現行からの物理削除有無を確認,取消・戻し・変更履歴・上書きの使い分けを確認,未確認（テーブル定義書の保持期間欄は未記入）,既存アーカイブの再利用可否を先に評価。不足時のみ補完Historyを作成,原則直接公開しない。監査・調査用ビューまたは履歴補完元として利用,暫定（テーブル定義書・MTG資料ベース。実データ/担当者確認前）,AI21担当＋インフラ担当＋セキグチさん,AI21/インフラへ移送条件・保持期間を確認。Hueで現行表との件数/PK差分、重複、抹消/売上/仕入日を確認
TBBA130G,保存用新車受注顧客情報ＤＢ,新車系の既存抹消済/保存用データ（保存用新車受注顧客情報ＤＢ）,新車工程の抹消・保存・アーカイブ,主要関連カラム: NO_CYUMON（注文ＮＯ） / NO_CYUMONED（注文ＮＯ枝番） / MJ_TYUEMAIL（注文印刷用Ｅメールアドレス） / DT_SAISINUP（最新更新日時） / MJ_SASINTAN（最新更新端末ＩＤ） / DD_URIAGE（売上日） / DT_MASSYO（抹消日時）,CD_HANSYA（販社コード） / CD_KAISYA（会社コード） / NO_CYUMON（注文ＮＯ） / NO_CYUMONED（注文ＮＯ枝番） / KB_KOKYAKU（顧客区分） / DD_URIAGE（売上日）,該当カラム未確認,NO_CYUMON（注文ＮＯ） / NO_CYUMONED（注文ＮＯ枝番）,DD_URIAGE（売上日）,未確認（通常帳票ではなく調査・アーカイブ用途の可能性）,既存履歴/アーカイブとして最優先で仕様確認,既存保存データ候補（正式値としての利用可否は未確認）,現行テーブルから移送・保存される可能性（移送条件・頻度は未確認）,抹消済/保存用への移送条件、現行からの物理削除有無を確認,現行側の訂正後に保存用へ何が残るかを確認,未確認（テーブル定義書の保持期間欄は未記入）,既存アーカイブの再利用可否を先に評価。不足時のみ補完Historyを作成,原則直接公開しない。監査・調査用ビューまたは履歴補完元として利用,暫定（テーブル定義書・MTG資料ベース。実データ/担当者確認前）,AI21担当＋インフラ担当＋セキグチさん,AI21/インフラへ移送条件・保持期間を確認。Hueで現行表との件数/PK差分、重複、抹消/売上/仕入日を確認
TBBC040G,抹消済中古車受注基本情報ＤＢ,U-Car系の既存抹消済/保存用データ（抹消済中古車受注基本情報ＤＢ）,U-Car工程の抹消・保存・アーカイブ,主要関連カラム: NO_CYUMON（注文ＮＯ） / NO_CYUMONED（注文ＮＯ枝番） / NO_SYARYOU（車両ＮＯ） / CD_JYTYUTEN（受注店舗コード） / KB_URIAGE（売上区分） / KB_TOROKU（登録区分） / MJ_TORORIKU（登録陸支） / MJ_NOSYBAS（納車場所） / MJ_CYMONM1（注文メモ１） / MJ_CYMONM2（注文メモ２） / DD_PALTYMSK（ＰＡＬ注文書作成日） / DD_JUCYUHAS（受注発生日） ほか31項目,CD_HANSYA（販社コード） / CD_KAISYA（会社コード） / NO_CYUMON（注文ＮＯ） / NO_CYUMONED（注文ＮＯ枝番） / DD_URIAGE（売上日）,NO_SYARYOU（車両ＮＯ）,NO_CYUMON（注文ＮＯ） / NO_CYUMONED（注文ＮＯ枝番） / NO_ECCYUM（ＥＣ注文ＮＯ）,KB_URIAGE（売上区分） / DD_URITRKKJ（売上取消計上日） / DD_URIAGEKJ（売上計上日） / DD_URITORIK（売上取消日） / DD_MODURIAG（戻し売上日） / DD_URIAGYOT（売上予定日） / DD_URIAGE（売上日）,未確認（通常帳票ではなく調査・アーカイブ用途の可能性）,既存履歴/アーカイブとして最優先で仕様確認,既存保存データ候補（正式値としての利用可否は未確認）,現行テーブルから移送・保存される可能性（移送条件・頻度は未確認）,抹消済/保存用への移送条件、現行からの物理削除有無を確認,取消・戻し・変更履歴・上書きの使い分けを確認,未確認（テーブル定義書の保持期間欄は未記入）,既存アーカイブの再利用可否を先に評価。不足時のみ補完Historyを作成,原則直接公開しない。監査・調査用ビューまたは履歴補完元として利用,暫定（テーブル定義書・MTG資料ベース。実データ/担当者確認前）,U-Car担当＋AI21担当＋インフラ担当,AI21/インフラへ移送条件・保持期間を確認。Hueで現行表との件数/PK差分、重複、抹消/売上/仕入日を確認
TBBC050G,抹消済中古車在庫基本情報ＤＢ,U-Car系の既存抹消済/保存用データ（抹消済中古車在庫基本情報ＤＢ）,U-Car工程の抹消・保存・アーカイブ,主要関連カラム: NO_SYARYOU（車両ＮＯ） / MJ_KAKUSISY（確定仕入時車両ＮＯ付番フラグ） / KB_SIIRE（仕入区分） / MJ_SIRENYTA（仕入入力担当者） / DD_SIIRE（仕入日） / DD_UCZAIKOH（中古車在庫条件変更日） / DD_TORIKESI（取消日） / NO_SIRETYUM（仕入注文ＮＯ） / MJ_SIRENORI（仕入時登録ＮＯ陸支コード） / KB_SIRETOSY（仕入時登録ＮＯ車種区分） / CD_SIRETOGY（仕入時登録ＮＯ業態コード） / NO_SIRETOSE（仕入時登録ＮＯ整理番号） ほか125項目,CD_HANSYA（販社コード） / CD_KAISYA（会社コード） / NO_SYARYOU（車両ＮＯ） / DD_SIIRE（仕入日）,NO_SYARYOU（車両ＮＯ） / MJ_KAKUSISY（確定仕入時車両ＮＯ付番フラグ） / NO_FRAME（フレームＮＯ） / NO_SYADAIBA（車台番号） / NO_SIRESSYR（仕入先車両ＮＯ）,NO_SIRETYUM（仕入注文ＮＯ） / NO_SATEI（査定ＮＯ） / NO_CYUMON（注文ＮＯ） / NO_CYUMONED（注文ＮＯ枝番） / NO_SIRESCHM（仕入先注文ＮＯ） / NO_SIRESCME（仕入先注文ＮＯ枝番） / NO_KYUSATEI（旧査定ＮＯ）,KB_URIAGYOT（売上予定区分） / KI_HNBSIJIK（販売指示価格） / KI_TENTOHYJ（店頭表示価格） / KI_HONSATEK（本査定価格） / KI_HONSATKZ（本査定価格＿前月） / KI_HONTGENK（本体原価） / NU_FURSATEI（振替査定損） / KI_SIIREKA（仕入価格） / KI_SITASASO（下取査定損） / KI_SIREYOTK（仕入予定価格） / KI_HONTSTK（本体ストック金額） / KI_HONTSTZM（本体ストック金額＿前月） ほか37項目,未確認（通常帳票ではなく調査・アーカイブ用途の可能性）,既存履歴/アーカイブとして最優先で仕様確認,既存保存データ候補（正式値としての利用可否は未確認）,現行テーブルから移送・保存される可能性（移送条件・頻度は未確認）,抹消済/保存用への移送条件、現行からの物理削除有無を確認,取消・戻し・変更履歴・上書きの使い分けを確認,未確認（テーブル定義書の保持期間欄は未記入）,既存アーカイブの再利用可否を先に評価。不足時のみ補完Historyを作成,原則直接公開しない。監査・調査用ビューまたは履歴補完元として利用,暫定（テーブル定義書・MTG資料ベース。実データ/担当者確認前）,U-Car担当＋AI21担当＋インフラ担当,AI21/インフラへ移送条件・保持期間を確認。Hueで現行表との件数/PK差分、重複、抹消/売上/仕入日を確認
TBBC052G,抹消済中古車在庫登録情報ＤＢ,U-Car系の既存抹消済/保存用データ（抹消済中古車在庫登録情報ＤＢ）,U-Car工程の抹消・保存・アーカイブ,主要関連カラム: NO_SYARYOU（車両ＮＯ） / DD_SIIRE（仕入日） / DD_TOROSIJI（登録指示日） / KB_TOROIRAI（登録依頼中区分） / KB_1JTOROKU（一次登録区分） / DD_1JTOROKU（一次登録日） / MJ_1JISIJFL（一次登録指示一覧表作成ＦＬＧ） / MJ_1JIIRAFL（一次登録依頼一覧表作成ＦＬＧ） / KB_2JTOROKU（二次登録区分） / DD_2JTOROKU（二次登録日） / DD_2JTORSYO（二次登録依頼書作成日） / MJ_2JISIJFL（ニ次登録指示一覧表作成ＦＬＧ） ほか9項目,CD_HANSYA（販社コード） / CD_KAISYA（会社コード） / NO_SYARYOU（車両ＮＯ） / DD_SIIRE（仕入日）,NO_SYARYOU（車両ＮＯ）,該当カラム未確認,該当カラム未確認,未確認（通常帳票ではなく調査・アーカイブ用途の可能性）,既存履歴/アーカイブとして最優先で仕様確認,既存保存データ候補（正式値としての利用可否は未確認）,現行テーブルから移送・保存される可能性（移送条件・頻度は未確認）,抹消済/保存用への移送条件、現行からの物理削除有無を確認,現行側の訂正後に保存用へ何が残るかを確認,未確認（テーブル定義書の保持期間欄は未記入）,既存アーカイブの再利用可否を先に評価。不足時のみ補完Historyを作成,原則直接公開しない。監査・調査用ビューまたは履歴補完元として利用,暫定（テーブル定義書・MTG資料ベース。実データ/担当者確認前）,U-Car担当＋AI21担当＋インフラ担当,AI21/インフラへ移送条件・保持期間を確認。Hueで現行表との件数/PK差分、重複、抹消/売上/仕入日を確認
TBBC064G,保存用中古車在庫登録情報ＤＢ,U-Car系の既存抹消済/保存用データ（保存用中古車在庫登録情報ＤＢ）,U-Car工程の抹消・保存・アーカイブ,主要関連カラム: NO_SYARYOU（車両ＮＯ） / DD_SIIRE（仕入日） / DD_TOROSIJI（登録指示日） / KB_TOROIRAI（登録依頼中区分） / KB_1JTOROKU（一次登録区分） / DD_1JTOROKU（一次登録日） / MJ_1JISIJFL（一次登録指示一覧表作成ＦＬＧ） / MJ_1JIIRAFL（一次登録依頼一覧表作成ＦＬＧ） / KB_2JTOROKU（二次登録区分） / DD_2JTOROKU（二次登録日） / DD_2JTORSYO（二次登録依頼書作成日） / MJ_2JISIJFL（ニ次登録指示一覧表作成ＦＬＧ） ほか9項目,CD_HANSYA（販社コード） / CD_KAISYA（会社コード） / NO_SYARYOU（車両ＮＯ） / DD_SIIRE（仕入日）,NO_SYARYOU（車両ＮＯ）,該当カラム未確認,該当カラム未確認,未確認（通常帳票ではなく調査・アーカイブ用途の可能性）,既存履歴/アーカイブとして最優先で仕様確認,既存保存データ候補（正式値としての利用可否は未確認）,現行テーブルから移送・保存される可能性（移送条件・頻度は未確認）,抹消済/保存用への移送条件、現行からの物理削除有無を確認,現行側の訂正後に保存用へ何が残るかを確認,未確認（テーブル定義書の保持期間欄は未記入）,既存アーカイブの再利用可否を先に評価。不足時のみ補完Historyを作成,原則直接公開しない。監査・調査用ビューまたは履歴補完元として利用,暫定（テーブル定義書・MTG資料ベース。実データ/担当者確認前）,U-Car担当＋AI21担当＋インフラ担当,AI21/インフラへ移送条件・保持期間を確認。Hueで現行表との件数/PK差分、重複、抹消/売上/仕入日を確認
TBBC065G,保存用中古車在庫基本情報ＤＢ,U-Car系の既存抹消済/保存用データ（保存用中古車在庫基本情報ＤＢ）,U-Car工程の抹消・保存・アーカイブ,主要関連カラム: NO_SYARYOU（車両ＮＯ） / MJ_KAKUSISY（確定仕入時車両ＮＯ付番フラグ） / KB_SIIRE（仕入区分） / MJ_SIRENYTA（仕入入力担当者） / DD_SIIRE（仕入日） / DD_UCZAIKOH（中古車在庫条件変更日） / DD_TORIKESI（取消日） / NO_SIRETYUM（仕入注文ＮＯ） / MJ_SIRENORI（仕入時登録ＮＯ陸支コード） / KB_SIRETOSY（仕入時登録ＮＯ車種区分） / CD_SIRETOGY（仕入時登録ＮＯ業態コード） / NO_SIRETOSE（仕入時登録ＮＯ整理番号） ほか125項目,CD_HANSYA（販社コード） / CD_KAISYA（会社コード） / NO_SYARYOU（車両ＮＯ） / DD_SIIRE（仕入日）,NO_SYARYOU（車両ＮＯ） / MJ_KAKUSISY（確定仕入時車両ＮＯ付番フラグ） / NO_FRAME（フレームＮＯ） / NO_SYADAIBA（車台番号） / NO_SIRESSYR（仕入先車両ＮＯ）,NO_SIRETYUM（仕入注文ＮＯ） / NO_SATEI（査定ＮＯ） / NO_CYUMON（注文ＮＯ） / NO_CYUMONED（注文ＮＯ枝番） / NO_SIRESCHM（仕入先注文ＮＯ） / NO_SIRESCME（仕入先注文ＮＯ枝番） / NO_KYUSATEI（旧査定ＮＯ）,KB_URIAGYOT（売上予定区分） / KI_HNBSIJIK（販売指示価格） / KI_TENTOHYJ（店頭表示価格） / KI_HONSATEK（本査定価格） / KI_HONSATKZ（本査定価格＿前月） / KI_HONTGENK（本体原価） / NU_FURSATEI（振替査定損） / KI_SIIREKA（仕入価格） / KI_SITASASO（下取査定損） / KI_SIREYOTK（仕入予定価格） / KI_HONTSTK（本体ストック金額） / KI_HONTSTZM（本体ストック金額＿前月） ほか37項目,未確認（通常帳票ではなく調査・アーカイブ用途の可能性）,既存履歴/アーカイブとして最優先で仕様確認,既存保存データ候補（正式値としての利用可否は未確認）,現行テーブルから移送・保存される可能性（移送条件・頻度は未確認）,抹消済/保存用への移送条件、現行からの物理削除有無を確認,取消・戻し・変更履歴・上書きの使い分けを確認,未確認（テーブル定義書の保持期間欄は未記入）,既存アーカイブの再利用可否を先に評価。不足時のみ補完Historyを作成,原則直接公開しない。監査・調査用ビューまたは履歴補完元として利用,暫定（テーブル定義書・MTG資料ベース。実データ/担当者確認前）,U-Car担当＋AI21担当＋インフラ担当,AI21/インフラへ移送条件・保持期間を確認。Hueで現行表との件数/PK差分、重複、抹消/売上/仕入日を確認
